,species,protein-accession,protein-sequence,protein-length,project-accession,sequencing-technology,assembly-name,genome-refseq,pubmed-accession,assembly-status,scaffold-N50,coverage,scaffold-count
0,Oppiella nova,CAD7652583.1,mgqlnltkiidlsyqrlshfviiilfwsllwslygdpalpvgghlfhliilfivscisaqmcqliycpplfgslivgfiygnvsdvtlntevssmlrsaslvvilleagleldpkvirkmsfvclrmafvplivevlaitfatyflidfplkwgfllgfvlaaaspaivvpgmlklqekrlgvdkgiptlviaaasiddimaitgfsiclgqvftsdtsmawtvlkgpveavvgvvaaiaigiflwyvpkdkesklerivllllfglvsmfvsqsldfesfgtiativlsfvaaikwrdngrdkpilttlkiswsvfepllfaligfevkisdlrsnaigfailaliialilrtiasmvviiganlnlkekiyvsiawtpkatvqaaigsvaldlaqqrddprlkelativltvsvlsilitaplgaiwitcmgsrclkkavpiedtplqecntichdlkt,461,PRJEB39968,False,1_On_b1v03.max_arth_b2g_droso_b2g_emblv2,False,False,Scaffold,6753.0,490.0,63118.0
1,Dinothrombium tinctorium,RWS02343.1,mpkafdlkelrrysllklptiliilliwscvwslfdelalppngnlfwliilfiatyfageicslisapplvgmliagfilrnttsmkidaqvssilrnvaltvillragfglnpndlkklsgvclrlsfspciveticiavtthfllglswqwgfllgfvlaavspavvvpgmillnerklgtdkgvptlviaaasvddvlaitgfgvflgtvfsshqslawqiakgpleaivglvaglfigvllwfvpvhleneksapekkqrlaltlffglilvfisqkigwsgigplgaltlsfiaalkwrvksidlfvekqlksiwfffqfflfgligaevnissiqpdsigycllclfiglvfrcftamivtwgagfswkeklfvslawlpkatvqaafgpvaldlarkagdetkisfatlilnfaalsivitaplgallialsgpkllkkepetimneivvevdhngknleiisdashvtkf,479,PRJNA377800,IlluminaHiSeq;,ASM367599v1,False,30445460,Scaffold,16512.0,60.0,22758.0
2,Leptotrombidium deliense,RWS31925.1,maiidlrnladfclnkvaelllfsliygtvwliigsdalppngrifvlfavfasayvgaelctaiyippilgmlvggcfvrnssyitidsrlssilrsfalatillragiglnpvelrklssiclrlaftpclvetitsaitayifydfpvvwgfilgfvlsavspgivvklmlelqeqglgtdkgiptlimaasslddivaitgfgialsialsmmtsllwnllkapleafcgiffgaavgciliiipsqidsaadnnmkirhncqrvcltiifglflvlitrelelgssgalaaltltfvaalswrhynnqktveetlkvawnliepflfgligaeiqisilelkivllslltlsiglvmrcltvvlvcygydfnmkekffialswlpkatvqaaigpvaldnarelndttsikyatlvltiavisifvtaplgsmaitlsaprllsksnqqkpienpahepveitgh,470,PRJNA377801,IlluminaMiSeq;,ASM367590v2,False,30445460,Scaffold,2941.0,30.0,66710.0
3,Stegodyphus mimosarum,KFM61101.1,melqtenvdehlnncteeknctvdrsaskciiwrqllkpskrkifiilaqvlvflflfatlfgilrqdalpgseifalllllifahiggkiigfvklppllgmlivgflfrnvtfipyykdisikwasvlrgsalvvillkaglgldavklrklklvvfqlsftpclvetaitgisshyllqlpwpwaimlgfiisavspavvvpslltlqekklgtnkgiptlviaaasmddiiaitgftvmlsisvskdewiwsfvkgplepivgllygilvgvsfwyvpnsesskqlqtyyhflmlcfgglsamflskafefagtgplacltlafvasigwkkdpeqfntlerstgvlwkliqpflfsligaevtisnlqsnlgygvlalcigllfrivtaalvtfggdlnikekffvafawlpkatvqaaigpqaldyvlinnkgpemeemakkiltvavlsiiltapigaalisilgpilltkekevtenllieennatkl,496,PRJNA222714,False,Stegodyphus_mimosarum_v1,False,False,Scaffold,480636.0,70.0,68653.0
4,Argiope bruennichi,KAF8765000.1,melesftgenhrrnldadhhsfrkfynllpskrkailtitqvtvlvflyaslygilgsdalpgseifallllsvsahivgklvsliklppligmlivgflfrnlpfipyyqnisilwattlraaafvvillkaglgldaeklkslklivfqlafspcivetivigisshfllnlpwawaimlgfvisavspavvvpgllslqersfgvrkgiptlviaaasvddilaitgftimlsislsagdslwvtllkgllepiggllygvlfgalfwlipssqyssstqtfyhvvllclggfaamflskrlgiagigpmaclvmafvaslgwkkdhqhleeiekifsvmwiilqpflfsligaevsvqnlqsnlgstvlalligftfriitaafasygggfnikeklfiaiawfpkatvqaavgpqaldyvlsnkmgkemedqaqkiltgavlsiimtapigaaliallgpllltkdkpeerdvlemagdtaknecgi,492,PRJNA629526,PacBioSequel;Illumina;,ASM1534279v1,False,False,Chromosome,124235998.0,21.0,2231.0
5,Trinorchestia longiramus,KAF2354193.1,mspasqvgeiqccfitvvlpwdtssiqagdlvntlsdagergtccvgdacergtccvgdagergtccvgdagergtcfvgegsdeatsrapeedednsdclstttstsaltalstsqpnipgqsglslpppsyssdpsgassptavvptpsgtydnpaadltetpptiakssksksedlvntqqqpqnhtsspsspikpggkittdvnsgssnvvsgsskptssvssssvaspsqqllldssdftskkvpqksltsgnesevqpnpvlsptttndpeascyskvnssnapshnmhsgfdggtstsclnapptslfclstppnglsnvtngpcstscpnsltngasmnnsngvysfngfssssscgpvpsnstvnnsinnsishnntfnitsanttpltvnsnatnsttaasnglsnttsqlsnttchsrcsswvsggvtsgtqtvchsrgastegstmdafsasatdsrrgtyseagtlpigslpegslggtiieeehpleplsekklssedsssgdrdnedskkrsksaimrqlgslgsclkyctccrplmqehnplptnptradrlkyaftcpphgkvgvllthvtlllltwgslyaitgdaaapggnlfsllvvfvcsvlggkltqvcglppllgmllvgialrsvpglmiigesldpewsasirnialvvillraglgldphalkamsfvvfrlaftpcivetvvvaivthfllgfpwlwgfmlgfilaavspavvvpcllqlsqkgygvekgiptlviaaasvddvlaisgfgvllgmtfsdgslawqimhgpievlmglsygvgmgllcwvlpnkhhqdcsllqfamlftaglfalfgsqriefggagalavlcmafiagvgyrrqgwgdddnpvgqhcniawsylqpmlfaligtqiqilqleldtiglgvatlcvsltcrvvttffvvlgsglnirerlfvalawlpkatvqaaigstaldyanrigadedqivlakqvltiavlvilitapigaiaimtsaprllqrarrpsasdtv,1026,PRJNA543945,IlluminaHiSeq;,ASM678305v1,False,False,Scaffold,120570.0,41.0,30897.0
6,Nephila pilipes,GFS30334.1,melesmcdevpdeihkdlgsshrseskfchmvlgkrkvmlavsqllvlfflcaslygilgsdvllrseifallllsviahiagkvvsliklppligmliigflfrnlpfipfyknisirwattlrasafviillkaglgldaeklkslklivfqlafspciveamvisitshfllnlpwtwaimlgfvisavspavvvpgllnlqdrsigikkgiptlviaaasvddilaitgftimfsvslsagsnlwitllkgilepvggltygilfgvtfwilpgsqsfsstslfyhvillclggfagmflskrleiagagpmaclvmafvaslhwkkdiqhlesiektigvvwiilqpflfsligaevsvqnlqsnlgntilvllialafrivtamfasfggdfnlkenifiavawlpkatvqaavgpqaldyvltnnmgkemedlaqkiltgavlsiimtapigaaliailgplllshdnktdkkelnqleenvnkdesrsdfdvsnqa,504,PRJDB10128,IlluminaNextSeq500;ONTGridION;,Npil_1.0,False,34312234,Scaffold,292147.0,112.0,132898.0
7,Araneus ventricosus,GBN34253.1,melesytdenhsknlgndhhssrkfynllpskrkavltatqtvvlvflyaslygilgddalpgseifallllsvsahivgklvsliklppligmlivgflfrnlpfipyyqnisilwattlraaafvvillkaglgldaeklkslklivfqlafspcivetivlgisshfllnlpwawaimlgfvisavspavvvpgllslqersfgirkgiptlviaaasvddilaitgftimlsislsagdslwvtvlkgllepiggllygvlfgslfwlipssqsssstqafyhvvllclggfagmflskrlgvaglgpmaclvlafvaslgwkkdpqhleqieriigvmwiilqpflfnligaevsvrnlqsnlgntvlalligftfriitaafasygggfnvkerlfiaiawfpkatvqaavgpqaldyvlsnnmgkeledqaqkiltgavlsiimtapigaaliallgplllsqdkpkekdasemdgdsaknecri,492,PRJDB7092,IlluminaNextSeq500;MinION;,Ave_3.0,False,31182776,Scaffold,59619.0,19.0,300721.0
8,Armadillidium vulgare,RXG52054.1,wptnrvrcgawcgavaahfqqpvrcgavrntfsaarygavwcerknksavrcgawcddfgavrgsncgssinglevnppaystnesgkvtdnescstpfrmrheevpmvgekggtpkiveksyrdsktsekegpseeerevtkwkhfknevgrfltylllfilfwgslvyivhdmalpggtifsllilivtaqlggmlvakihlppllgmllvgilfrsapfidtigksistewssslrsmalvviliraglgldpvalkklsyvvlrlavcpclvetttvavvshllldfpwkwafllgfilaavspavvvpcllnladqgfgvekgiptlviaaasiddviaisgfgvclgtifsngsslwqglkgpmeigmgiayglivglilwvlpskkegnaniyrflmlfcagllaifgskgidfggagalgclcvafiagygwrregrvgnkkpvseyfnfvwillqpmlfgligteirvgdlhpatvgwgvvtliigltlrvivsffavlgggltlkercfvtlawlpkatvqvltiavlvilitapvgavaimlsaiv,557,PRJNA501402,IlluminaHiSeq;IlluminaMiSeq;PacBioRSII;,Arma_vul_BF2787,False,False,Scaffold,51088.0,72.0,43541.0
9,Trichonephila inaurata madagascariensis,GFY73361.1,melesmynevpdeihkdlgkrsgnklhrilpskrkiflaltqslvllflcaslygilgtdalpgselfallilsvtahiagrvvcliklppligmlitgflfrnlpfipfyknisirwattlrasafviillkaglgldaeklktlkrivfqlafspcivetivisiishfllhlpwtwaimlgfvisavspavvvpgllslqdrsfgikkgiptlviaaasvddilaitgftimlsvslsggdnlwitflkgilepvgglvygilfgiafwilpgsqisssaslfyhvillclggftgmflskrleiagagpiaclvmafvaslrwkkdadhleniekvigkmwvilqpflfsligaevsvqnlqsnlgntiltllialafriatamfasfggdfnlkekifiavawlpkatvqaavgpqaldyvltnnmgkemenlaqkiltgavlsimmtapigaaliailgplllsqdektnrkemnslevkdnkdesisgfev,498,PRJDB10127,IlluminaNextSeq500;ONTGridION;,Tnin_1.0,False,34312234,Scaffold,231352.0,79.0,28263.0
10,Idotea baltica,MCL4129849.1,mliilaqlggnlvslvnlppllgmiivgvilrsvpyvniigsnidhswsstirkialviiltraglgldpnalkklsftvirmgilpnlvemsvvavvshyllnfpwlwgfmlgfifsgvspsvvvpcmlnlsdrqlgtdkgvptlviaglsidnalsisgfgvflgiifsegsvwwqackgpvevivgigwgvfmgtfcwgipnrfekgyakfrffflfaagllsvfgsqklnfggagamgcltaafvagigwrnqgwsdqkhpvkknfnflwsffqpllfgligteievsalqgstllwgvitlfcglvirfiacfcvvqgsslniketlfaaiawlpkatiqaafgstaldiartkntdpgsltqdeiygqq,375,PRJNA599581,IlluminaHiSeq;PacBioRSII;,Ibalt_v1,False,False,Scaffold,7966.0,50.0,338085.0
11,Caerostris darwini,GIY80960.1,mietnktysegccslsglkersvsagtqlacllflcgatygilgssslpgtetfallllavtawlggvlvgcirlppllgmllvgvlfrnvpfipyhadisiqwastlrdislviillkaglgldpgklmelkldvlkmsvvpclfeaagftflghyllglpwlwaamlgfivsavsaavlvpgmlalehrglgvesgiptlvmasvsidnivaltgfivtfsilrsnenltwtlitrplepfiglllgtivgvvlwylpsdgnsknslvlyrsvllilgglsfgfvskrvdmagagalacvslafvaslkwrahseqfmpitwitgsiwtliepflfgligaeitigslkdnlgyavlavmlgvvfrflstffallgsklnlkektfvsaswlskatvqaavgsqaldymrshptepffkeysqqvlmvsvlsilltaplgaafidflapyllrkddltscssedtsgeeeeereritevtvsdygagrsasvgdiegilrgyktn,507,PRJDB11546,IlluminaNextSeq500;ONTGridION;,Cdar_1.0,False,34932907,Scaffold,440877.0,112.0,15733.0
12,Trichonephila clavata,GFQ88531.1,mdknifsgfresrcssaflkdrlllvgtqlvclfffvgamygvlgdvslpgteifallvlaasawvggvvvsclklppllgmlavgiffrnapfipyhadisimwastlrdislviillkaglgldppklmelkldvlklsfipclfeaassavlvhyfldlpwiwafmlgfiisavsaavlvpgmldleekglgleagiptllmaavsidniaaltgfivtfsiitsnenltwtlitrplepfigllfgtimgvflwylpsenttepvqvfyrssslflgglcftfvskrvgmagagalacvsfafiaslkwrtqehfkyityiigimwnliepflfgligaeitlsslgnnlgyatlalclgvlirvlftifallgsklnfkektfvsaswiakatvqaavgsqaldyarshrtepnfkeysqqvlmmsvlsiiltaplgaafidwlaphllnagyvtcssspdssgeeereqisdvtvtdygarrsasvgeiegfirglksgvnv,508,PRJDB10007,IlluminaNextSeq500;ONTGridION;PacBioRSII;,Tnct_1.0,False,34312234,Scaffold,112987.0,110.0,39792.0
13,Darwinula stevensoni,CAD7247776.1,mqdplrpsaskqddddektstrcpfllrderelppeatrwerfrrnlpcppgvklgrvctfllalplfwlagygltgsemllngnlfklyivffacllggwfmeiirlpgllgmllvgillgnlerqtgwmehplqpgwsgkirgialvviliraglglnpeqlrrlslmvtrlafvpctveaiavacfsyfilelpwtwgfmlgfalaavspaivvpcmlriqeegygvdkgiptlllaassmddvlaisafvvflgvtfsqgsiikkifmpfaeiivgllygiilgvifwfvpnhkdsfavtevrsimlliggiasyfgsmfiemhsagalgvlslafvssigwrrqgyqddnpvslnfnylwlifqpllfgligteidlvqirvttvgyalivicgglifrccaaflavsggdlnmkekvftaiawlpkatvqaaigpnaldtalamhdpnpqhidwgrdiltiavmailisapiggicirycspkllvksrymppacvlnvsqtldegpetlgaslainasdtrvtfldqpssqd,539,PRJEB38362,False,Dst_b1v02_max_arth_b2g_genome,False,False,Scaffold,56422.0,353.0,62117.0
14,Caerostris extrusa,GIY54713.1,meipalpkiingkenpnilkqnderyhpddvqrvkesdwyigryllhtdkdmdkaflmlqesleyrkemelntlskkdlpkeyfdaraiimynkdirdhpivavrckthvknsemskqqlqymlywiekavrasdwgvvsilfdctdsgvsnvdlemmrnlfdafkkyypwglayflvynmpwylsavwrvikqwipqkhvskisfvdattigefvsedqlpecmggtstklyepkegvkdgdekgccslsglkersvsagtqlacllflcgaaygvlgsaslpgteifallllavtawlggvlvgcirlppllgmllvgvlfrnvsfipyhadisiqwastlrdislviillkaglgldpgklmelkldvlklsvvpclfeaagftflghyllglpwlwsamlgfivsavsaavlvpgmlalehrelgvesgiptlvmasvsidnivaltgfivtfsiltsnenltwtlitrplepfiglllgtivgvvlgylpsdansknslvlyrsvllilgglsfgfvskrvdmagagalacvslafvaslkwraqsdhfmpitwitgimwtliepflfgligaevtigslkdnlgyavlavmlgvvfrflstvfallgsklnlkektfvsaswlskatvqaavgsqaldytrshptepffkeysqqvlmvsvlsilltaplgaafidflaptccgrttslpvrqrtlpgrrrrsgrgsrk,715,PRJDB11547,IlluminaNextSeq500;ONTGridION;,Cext_1.0,False,34932907,Scaffold,98474.0,13.0,21729.0
15,Trichonephila clavipes,GFT57103.1,mdknifsgfgeslcswtslkdklllvgtqlacllffagavygvlggvsqpgteifallvlaasawgggvlvsclklppllgmlavgiffrnapfipyhadisimwastlrdislviillkaglgldppkllelkldvlklsfipclfeaacsavlvhyfldlpwvwafmlgfivsavsaavlvpgmldleekglgleagiptllmaavsldniaaltgfivtfsiitsnenltwtlitrplepfigllfgtimgvilwylpsentsepvqvfyrssslflggmcftfvskrvgmagagalacvsfafiaslkwrtqehfkyityiigtawnliepflfgligaeialnslgnnlgyatlalclgvlirvlstifallgsklnfkektfvsaswiakatvqaavgsqaldyarshrtepnfkeysqqilmmsvlsiiltaplgaafidwlaphllnagyvtcssspdssgeeereqisevtvtdygarrsasvgeiegfirglrsg,505,PRJDB10126,IlluminaNextSeq500;ONTGridION;,Tncv_1.0,False,34312234,Scaffold,738925.0,79.0,21438.0
16,Ixodes scapularis,EEC08736.1,lcscagmlitgfilrnvdainvvrhiepswasdlrsmalililiraglgldatvlrnlggaclrltccpclmecaavavsarlllgfpwlwgtllgfvlgavspavvvpsmlwlqseglgvdqgiptlvmaaasfddvlaitgfgvvlgivfskgnlawniakgpleavvglifggvvggllwflpsaqsgqrttlrpvllllaglcvmfaarrvefggsgplgciavafvaafrwnkdqhgaasasetcallwevfqpilfgligsevqikdvasdstllglgvlgisltlrmttsflvvygaslslkerlfvaiawlpkatvqvssgdvgldepnkiqvpvncrflffsrpktqvltvavlsilvtapigaaaialsaprllqrsarsldpakgr,397,PRJNA16232,False,JCVI_ISG_i3_1.0,False,False,Scaffold,76228.0,6.0,369492.0
17,Portunus trituberculatus,MPC09619.1,megdsiperlldngdtadtastndtsqaqvnlafeltgsshgsgdeaekegepdvgrgddvegwttlpptnrgveyseaatlplgcpsvgekinewdgrtdkftekkeskgcdaccrcllrskhklpeeptmaqrihysltcpphgkvgdillrlvigtavwgclicitgrlalpggnlfslavlyiaavlsgrasaavgmppllgslvagilfesvpginavghnvdvfwssvirnlvlviillraglgldpaalrklscvvlrlaflpcvveavvaalmtklllglpwlwsfmlgfivaavspavvvpgllklaeegygveagiptlviaaaslddvlaitgfsvmmglafaegslvwtlakgplevvaglvygvvfgslcwvlphqeskdrpafkfvilfclgclgmfgshkvglessgpiavlslafvtglgwrqsankdeevtryyralwevfqpalfvligaeidvgkidagtigwgllallvclslrvatsflvvmgagfsllerlfiaiawlpkatvqpcipcvsvmvvvilqaaigshaldfvrqhgndpddifrgqqvgdllgeschndtqhsggpclatlqhntvvvtiavmvilvtapigaaaikltgpkflarhqphdsqa,634,PRJNA526559,IlluminaHiSeq;,ASM837305v1,False,False,Scaffold,857.0,305.0,1595217.0
18,Chionoecetes opilio,KAG0726903.1,mwslqglvwrrggevwlagvsqvwqvrhgrpsspavpgrrliptatggrwqpcstieetntylvmeprgqeeregthetgcspcfhpclrglhplpsnpsrlqklkyallcpphgrvgkwltgllivslvfgslvsllgaaalpgghifslfivflgaeaagramvplhlppllgmlvvgillksvpgidyvgksidpdwsaalrnialvvillraglgldpaalkqlslmvvrlaftpclvetlvvavvthfllgfpwlwgvmlgfvlgavtpavivpcmlvlsqkgygvakgiptlviaassvddvlaisgfgvlmgitfaegelwvvilkgpfevvvgvvygvvlgalcwvlpvpsehntpvlrfvvllaagvvslfgspliqlggsgalgclvmafmagygwrrqgmtdevdklegstvgygfltllaglsfrmvtsfvvvmggqlnlkerlfvalawlpkatvqaaigsqaldyarktnagpeeerlgeqvltiavlsilltapvgaaaimltaprllstcspakdeagkegpe,539,PRJNA602365,PacBioSequel;IlluminaHiSeq;,ASM1658430v1,False,False,Scaffold,208145.0,100.0,26514.0
19,Armadillidium nasatum,KAB7506620.1,malrrlpytsfsnrhkillitvmhqwiikissesnishafesgndssaincnngsncgssingleanppayspnengkvtdnescstpfrmrheevpmvgekgatpkiveksyrdsktsekegpteeerevtkwkhfknevhslrrpfmqkhntlppdpskgerlkyafscpphgkigrfltylllfilfwgslvyivhdmalpggtifsllilvvtaqiggmlvakihlppllgmllvgilfrsapfidsigksistewssslrsmalvviliraglgldpealkklsyvvlrlavcpclvetitvavvsnlllgfpwkwafllgfvlaavspavvvpcllnladqgygvekgiptlviaaasiddviaisgfgvclgtifsngsslwqglkgpmefgmgiayglivglilwidfggagalgclcvafiagygwrregrvvnkvgdlhpatvgwgvvtliigltfrvivsffavlgggltlrerffvalawlpkatvqvltiavlfcr,509,PRJNA516589,IlluminaHiSeq;PacBioRSII;,CNRS_Arma_nasa_1.0,False,31600190,Scaffold,86284.0,89.0,25196.0
20,Homarus americanus,KAG7156609.1,megssdsqdplfihdttesqhakvnnalqlmespddiaasvdtppshmpeprvpdipssslthnaveenhvhneatekgggcdskpglvnsvgdgdsatisnstagghhmchsrgasqvssceasvgrmsgrdlchsrgastdgslmdayvssatdsrrgtyseagtlpigstiieensqgwdresgekklsdsedsrtkyshklisscnccknflrshhklpehptvgelvkysftcpphgrvgdcliwlvaglalwgclisitgdmalpggnffsllvlyvmamlagkaasfvglppllgslvvgilfssipginavghnidaywssslrfivaavspavvvpcllklgeegygvdkgiptlviaaasiddviaitgfsvmlgitfaegslfwtilkgpveilagimygigfgllcwflpykekerratyntwsvglessgpiavltlafvaglgwrkpgnedadvsvyyrtlweifqpmlfvligaeidvavidpgtvgwglltlaiclslrvatsfvvvmgtaftvwerlfiaiawlpkatvqaaigsqaldyvrqhdgekvdlirgqqivtiavmvilvtaplgaaaikltgprflakklpnrnlpddpettv,618,PRJNA655509,IlluminaHiSeq;OxfordNanopore;OxfordNanoporePromethION;,GMGI_Hamer_2.0,False,34162536,Scaffold,759644.0,110.0,47246.0
21,Lepeophtheirus salmonis,CAB4064343.1,mncfssslnlklqnffgnflwltkrmnsrmkipfgkkikfallcpphghigkwlsiilvilavyggllaligqhaaaphgilffnylslslndslkklsgivfrlafipccietlfvgiagylivglpwtwsfllgfvlsavspavvvpsmldlqargygvekgiptlviaaasiddvlaisgftlctaiifkpssniqniilqvplevfigilagliwgiicifipskdddnvkgfrscillggsimshfgcqyyevpgagpisilimgfisglgwtqygwktnnygqikiyaldiailgqcaavfligmsvrliasylatfskeitlkerifislrmasegnsasccwwlgt,354,PRJEB37485,False,False,False,False,False,0.0,0.0,
22,Ixodes persulcatus,KAG0427322.1,mkeiatvetatsashaipaiedapqqdatfpgeerlglvgrarrlscppegpvsqglswllllalawgalwglfgdgalpgghffsllalvcaayvggqlvklvrlppllgmlitgfilrnvdainvvrhiepswasdlrsmalililiraglgldatvlrnlggaclrltccpclvecaaiavsarlllgfpwlwgtllgplwrlvnarfsgsasrspvsrvrlkcrfvlgavspavvvpsmlwlqseglgvdqgiptlvmaaasfddvlaitgfgvvlgivfskgnlawniakgpleavvglvfggvvggllwflpsaqsvsllfrdpv,331,PRJNA633311,PacBioSequel;,BIME_Iper_1.3,False,32814014,Scaffold,532020.0,87.0,11597.0
23,Euroglyphus maynei,OTF70470.1,mahfigkiahiinlpsllgmlaagiiygnlvefeldkklvstirslalliillraglhlipeylrylsfsairviaipffaetfavgacsilffqfdfmwslligfvlaavspavvvpcmiriqqsglsegkgiptlniaaasiddvlsvtgfniflafaiptekssemstamkllqgplqivvgitygllmgfilwylpesydkc,206,PRJNA350546,Illumina;,EurM1.0,False,False,Scaffold,787.0,30.0,72749.0
24,Sarcoptes scabiei,KPM10809.1,mfgsdqidlsgsgplaililsfvasirwrkygwldvnekrlrvlwsvfkpylfclvgfnvrfseirmdivvlgfvcfiiglicrsiceflmthglglnykerlfsviawipkatvqaavgpvaldyarneretyyatvivtmailsvlitaplgaiaidsvsgrllsknknqdldeeeegpdetrrelnlpkefeaisncpslderyd,208,PRJNA268368,Illumina;,SarSca1.0,False,26555130,Scaffold,11557.0,174.0,18860.0
25,Caligus rogercresseyi,QQP49003.1,mnigakdsdeprgqegslsskcrdffsrcllshqeeslkegdsiwrqlkfallcpphgflgkwlgifvlilgvygallgilgrhaevpngvifqifvllivavlmgkvvemlrlppllgmiltgiffenmnwivkekevwngissklrglalviillkaglgldpkalkklsgs,174,PRJNA551027,PacBioRSII;,False,False,33574331,,,,
26,Oedothorax gibbosus,KAG8172704.1,mvnlrkyfppdsifqhktsccswyrvkenilllltqlvslifligtlygilgndvlpgteifallllaisaygggvlaglirlpplvgmlvvgilyrnlsfipyqknisimwastlreislvvillkaglaldpkklkemkldvfklsfipclfeaatsavfihfsrltclgsgfhlgyvgqilkl,186,PRJNA681589,PacBioSequel;,Ogib_1.0,False,34949821,,,,
27,Latrodectus hesperus,ADV40287.1,mslesaetnklskredlqsvftscppvpplstitalmflvaliygtlwglmgdsalpggpifglfalvimcylggqlmrllkvptlvgmmvfgfilrnvphinvakdipeewaghirnmalilillraglevdsdvlknnkstcakvifitfhr,154,False,False,False,False,False,,,,
