assembly-name,assembly-status,contig-N50,coverage-N50,project-accession,protein-accession,protein-length,protein-sequence,pubmed-accession,scaffold-N50,species
False,False,False,False,PRJNA423276,XP_023339116.1,781,mdnqgyvqnekvdrrlslagmelpgpvsrrnsrapppyvpevpkyradrrlslsgmeipgpvsrrnsrapppfvpevpvnrgerrlslsgmeipnvvsrrnskyqqvvhphpvvedkeevseysppaypgdkkqpgkvkksykrvkqvlqnnkitsnffppkgdvainitlmitvviiflcartvlgpysalggtifavfiliffalvagqivlqaaallskmvgfdiripqllgmmavgifcknvpynahefnspeclnrslahgnlykelhgndshlidheglnlhsddpnahgvmmdvhaslkeghsaivdhlekttdnpkfsttakifhakakefkspsnasqalkshgegfkpipdsetlhhrarrsgghdepavyrdpcvkrfiggdvdptvkgilrsacltfillmagleldppqlwrlkwivlrttfipciveafaaalfcylilgfpflpglcfgfvlcgvspaviipglvnlsqrgygvkkgiptlviatcsaddlvaiggfgiaagitfnpdasisdlashgplevllgiafgifwgyicqwfpskqyenyvffrwvlltaggafalfgahmihydgagglacvimafvasiqwrregwgdhnpvtdiynkvwiilspvifsligtninaekmdgatvgmgvavlvccfltrgfftywsavcggldtkekiflaiswlpkatvqaalgpaflekaiaanlpeyvpigetiltmavisiaisapigaililalgpvllpndfegdededeeageldvikenmkeitkeahh,False,False,Eurytemora affinis
False,False,False,False,False,QVD39181.1,423,mlfllayivgqlvslirlppllgmlltgiairnlhlfnlsgvymevvsslrkiamtvilikaglgldaqalkrlslvvirlafipclfeastvglvshylldfpwlwgfllgfvlgavspavvvpsllhlqergygedkgvatlviaassiddiaaitgfgvilgfifsegnvtqqllqgplevvlglgfgiawgvvsmyiphrkdpyvvyyraamvagggifavfgsqilgydgagalacitaafvaccgwkaqgwsaeynpvssifsviweifqpilfgligteilisqldggtvlrgmgvlfvgllvrvcasciatlggaltlkeqlfvaiawlpkatvqaalgpvaldiarkrgdtsedlasklltvavlsilltaptgavaiyisgpkllnrvkakysspieeetnvadvplreiaas,33949886,False,Schistocerca gregaria
False,False,False,False,PRJNA799013,XP_046989490.1,423,mlfllayivgqlvslirlppllgmlltgiairnlhlfnlsgvymevvsslrkiamtvilikaglgldaqalkrlslvvirlafipclfeastvglvshylldfpwlwgfllgfvlgavspavvvpsllhlqergygedkgiatlviaassiddiaaitgfgvilgfifsegnvtqqllqgplevvlglgfgiawgvvsmyiphrkdpyvvyyraamvagggifavfgsqilgydgagalacitaafvaccgwkaqgwsaeynpvssifsviweifqpilfgligteilisqldggtvlrgmgvlfvgllvrvcasciatlggaltlkeqlfvaiawlpkatvqaalgpvaldiarkrgdasedlasklltvavlsilltaptgavaiyisgpkllnrvkakysspieeetniadvplreiaas,False,False,Schistocerca americana
False,False,False,False,PRJNA298750,XP_024086022.1,564,mtsieenpasprrdtqeeedfthasknnlancdtnlpnsqskpnsspkeahdskdtplnseyeiifthcsgfgrsiqnqmglkdsqiifaigaviiglliwgilygvvldevapggdlfqilvlvvsaylagkvvgmchlppllgmlttgiamrsvgffeisgvypdlvtklretaltvilikaglgldavalmklslvvlrlailpciaeavaaavfsyfildypilwglllgfmlsavspavvvptllslkekgygenkgistlviaasslddivaisvfgvflsiifspaghqdgkmleqlsqgpiemllglvlgifwglvaafiphkddkqvvtkrvlmigcgglcavlggevihysgagplacivsaftaslawkiqgwsthhpvveafgtiwtiiqpmlfgligaevdvkllhadtilkgiavicgalvirvicccvvllgsklnwkeiifvnlawlpkatvqaalgpdalelatraeekdeqdilrghqlltlavlsilmtapvgaigisttgpyllsnvsvepeaeeniesadtamhmsegtqlksetkedaaskv,False,False,Cimex lectularius
False,False,False,False,PRJNA859116,XP_049850224.1,423,mlfllayivgqlvslirlppllgmlltgiairnlhlfnlsgvymevvsslrkiamtvilikaglgldaqalkrlslvvirlafipclfeastvglvshylldfpwlwgfllgfvlgavspavvvpsllhlqergygedkgvatlviaassiddiaaitgfgvilgfifsegnvtqqllqgplevvlglgfgiawgvvsmyiphrkdpyvvyyraamvagggifavfgsqilgydgagalacitaafvaccgwkaqgwsaeynpvssifsviweifqpilfgligteilisqldggtvlrgmgvlfvgllvrvcasciatlggaltlkeqlfvaiawlpkatvqaalgpvaldiarkrgdasedlasklltvavlsilltaptgavaiyisgpkllnrvkakysspieeetnvadvplreiaas,False,False,Schistocerca gregaria
False,False,False,False,PRJNA857088,XP_049949549.1,547,mvptadkisdrnpkqkytdadfdgiervqdsllsvginepyaegpsdktdrergavtsdkqtrgccrrylewlteslhpvnlcpeliwplkkltalillllfwgatytlirneiapggniftllmlfllayivgqlvslirlppllgmlltgiairnlhlfnlsgvymevvsslrkiamtvilikaglgldaqalkrlslvvirlafipclfeastvglvshylldfpwlwgfllgfvlgavspavvvpsllhlqergygedkgvatlviaassiddiaaitgfgvilgfifsegnvtqqllqgplevvlglgfgiawgvvsmyiphrkdpyvvyyraamvagggifavfgsqilgydgagalacitaafvaccgwkaqgwsaeynpvssifsviweifqpilfgligteilisqldgatvlrgmgvlfvgllvrvcasciatlggaltlkeqlfvaiawlpkatvqaalgpvaldiarkrgdasedlasklltvavlsilltaptgavaiyisgpkllnrvkakysspieeetniadvplheiaas,False,False,Schistocerca serialis cubense
False,False,False,False,PRJNA472795,XP_025095637.1,576,mnskiengeipevefevqeepveedltkcrkchtscleccrpvlahhhplsdnpsllqrlhfaflcpphgrigacffvvlvgalwwgvlwsltgddalpggnffsllppfffllvwripcqlgeataplgmlivggilgnvpgidiakdinqswgsgarqialtviliraglgldpkalrrlsfavlrlafspclsetvaigvaaylildfpwpwgfmlgfvisavspavvvpsllslsergygidkgiptlviaaaslddvlaitgfgvllgisfstgdiawnickgpleavigivygmlggiilwyipqkksrhlllfrsamllgggmlavfgskmvdwagagplgcltisfvaalrwrsevpkgkrnpvegvtgvlwmifqpllfgligaqvniaslepetvgkgigvltiglvvrmvvsflavfgtnlnlkerlfipiawlpkatvqaaigslaldtardnnktdliplgeqiltlavlsilmtaplgavlivitgkrllnqtpdfdpqqrksiitmafdqdsllslqelnnstwltrtgeendvsqpmidssktteekengnalqdltark,False,False,Pomacea canaliculata
False,False,False,False,PRJNA845336,XP_049802497.1,547,mvptadkisdrnpkqkytdadfdgiervqdsllsvginepyaegpsdktdrergavtsdkqtrgccrrylewlteslhpvnlcpvliwplkkltalillllfwgatytlirneiapggniftllmlfllayivgqlvslirlppllgmlltgiairnlhlfnlsgvymevvsslrkiamtvilikaglgldaealkrlslvvirlafipclfeastvglvshylldfpwlwgfllgfvlgavspavvvpsllhlqergygedkgvatlviaassiddiaaitgfgvilgfifsegnvtqqllqgplevvlglgfgiawgvvstyiphrkdpyvvyyraamiagggifavfgsqilgydgagalacitaafvaccgwkaqgwsaeynpvsnifsviweifqpilfgligteilisqldggtvlrgmgvlfvgllvrvcasciatlggaltlkeqlfvaiawlpkatvqaalgpvaldiarkrgdasedlasklltvavlsilltaptgavaiyisgpkllnrvkakysspieeetniadvplreiaas,False,False,Schistocerca nitens
False,False,False,False,PRJNA799999,XP_047107189.1,547,mvptadkisdrnpkqkytdadfdgielvqdsllsvginepyaegpsdktdrergavtsdkqtrgccrrylewlteslhpvnlcpeliwplkkltalillllfwgatytlirneiapggniftllmlfllayivgqlvslirlppllgmlltgiairnlhlfnlsgvymevvsslrkiamtvilikaglgldaqalkrlslvvirlafipclfeastvglvshyvldfpwlwgfllgfvlgavspavvvpsllhlqergygedkgvatlviaassiddiaaitgfgvilgfifsegnvtqqllqgplevvlglgfgiawgvvsmyiphrkdpyvvyyraamvagggifavfgsqilgydgagalacitaafvaccgwkaqgwsaeynpvssifsviweifqpilfgligteilisqldggtvlrgmgvlfvgllvrvcasciatlggtltlkeqlfvaiawlpkatvqaalgpvaldiarkrgdasedfasklltvavlsilltaptgavaiyisgpkllnrvkakysspieeetniadvplheiaas,False,False,Schistocerca piceifrons
False,False,False,False,PRJNA874726,XP_050415442.1,416,mllvgfclrnapvideatkidkvwastlrtialvvilvragsgldpralkkvkwmalrlafvpsiaeavsvavlahytldfpwiwafiigftlsavspavvvpsmigvqekgygvaegiptlciaacslndvfaisgfgvmlgiafsnadlvynifhgpleivlgilfgvvvgvinwyipnknsknllmyrlililslgmlatfgfrvvkfpgagalgtltmafvagigwrargwedhypikpalakcwqvfqpllfglignavsienlqsgnvalgmltlfvglvfrlivtffsaygmnfsikeklfltvswlpkatvqaaigpvaldtarakgasdeiidfatniltiavlsilitapigaagiatsaplllkksgtdetelsedipdpleekekkyelsnslitsktdpdsnc,False,False,Patella vulgata
False,False,False,False,PRJNA856670,XP_049774495.1,547,mvptadkisdrnpkqkytdadfdgiervqdsllsvginepyaegpsdktdrergavtsdkqtrgccrrylewlteslhpvnlcpvliwplkkltalillllfwgatytlirneiapggniftllmlfllayivgqlvslirlppllgmlltgiairnlhlfnlsgvymdvvsslrkiamtvilikaglgldaqalkrlslvvirlafipclfeastvglvshylldfpwlwgfllgfvlgavspavvvpsllhlqergygedkgvatlviaassiddiaaitgfgvilgfifsegnvtqqllqgplevilglgfgiawgvvsmyiphrkdpyvvyyraamvagggifavfgsqilgydgagalacitaafvaccgwkgqgwsaeynpvssifsviweifqpilfgligteilisqldggtvlrgmgvlfvgllvrvcasciatlggaltlkeqlfvaiawlpkatvqaalgpvaldiarkrgdasedlasklltvavlsilltaptgavaiyisgpkllnrvkakysspieeetnnadvplreiaas,False,False,Schistocerca cancellata
False,False,False,False,PRJNA913910,XP_052689170.1,498,mafqrlcsyklreflamlaqftmlmvmvwtttlsitdrlalpgghifsllvlftsavaggyifsriylppllgmviagfalsnvpvlseighnispvwsgalrrmaltviliraglgldpvalrklsatvsrlaflpcllecltcavvshflmdlpwvwafllgfvlsaispavvvpsllslaergfgldkgiptlviaaasiddvvaisgfgislgiafstgdlawtiakgpleallgiaygcilgiclwfipaknssnlvfframllftggllatfgstyidmagagplgclvlpfvsgirwrkmntpeqtaamteavgllwmifqpvlfgligaavrieqiqdpyivgfgvavlasgllvrcsvtflavlrsglnlkeqifvslawipkatvqaaigglaldqaikdknetlkplgltvltiavlsiiitapigalaiaisgprflksdhlknelscssndhqdsqekeekivieteivgekpclteaadvvthi,False,False,Crassostrea angulata
False,False,False,False,PRJNA629593,XP_019930492.2,501,mafqrlcsyklreflamlaqftmlmvmvwttalsitdrlalpgghifsllvlftsavaggyifsriylppllgmviagfalsnvpvlseighnispvwsgalrrmaltviliraglgldpvalrklsatvsrlaflpcllecltcavvshflmdlpwvwafllgfvlsaispavvvpsllslaergfgldkgiptlviaaasiddvvaisgfgislgiafstgdlawtiakgpleallgiaygcilgiclwfipaknssnlvfframllftggllatfgstyidmagagplgclvlpfvsgirwrkmntpeqtaamteavgllwmifqpvlfgligaavrieqiqdpyivgfgvavlasgllvrcsvtflavlrsglnlkeqvfvslawipkatvqaaigglaldqaikdknetlkplgltvltmavlsiiitapigalaiaisgprflksdhlknelscssndhqdsqdsqekdekivietetvgekpclteaadvvthi,False,False,Crassostrea gigas
False,False,False,False,PRJNA342675,XP_018012556.2,540,msaagtdieeeypldlqnekkssideyptesrntfskglggrkkvgehdsirscpkarhssgpvlqeknslpntctkgdlikraftcpphgkvgevltyvalllltwgalyaitgdaslpggnlfsllvvfvcsviggkiteacglppllgmllagialrsfpgiriigesldlnysasirnialvvillraglgldpkalkamslvvfrlacvpclveaivgaivshfllgfpwlwgfmlgfvlsavspavvvpcllqlsqqgygvdkgiptlviaaasiddviaisgfgvmlgmtfsegsltwqilhgplevvmglsygavmgficwilpnkqqqscsllqfgmlltaglfalfgsrkiefggagalavlsmafiagvgfrrqgeadgdkilvgqhcnvawgylqpmlfaligteiqvlslelgtvglgvallcisltcrvvttffvvlgsglnirerffvalawlpkatiqaaigstaldyavrigageheialakqvltiavlvilitapigaiaimtsaprllqrprqpassdtv,False,False,Hyalella azteca
False,False,False,False,PRJNA852268,XP_048761059.1,557,mtelkdmnnpdqgnggaypsppeveeedklnisieegqptsrkcaalrscihscckpintkyhpltenpgkferfryalmcpphgnlamyiqffvlcvmtwailiaitkdqalpggnffslvilftaavaggyvfslfrlppllgmlivggmlsnipvlktvglglnlewsgalrkialtviliraglgldpvalkklsftvlrlafapclteclveavaahfllglpwewgfmlgfilaavspavvvpsllnlsdrgygldkgiptlviaaasvddvlaitgfgvvlgiaftqgdlaltivkgpleallgiafgcvfgvflwyfpskngtskmfyrslllfaaglmatfgsdivhlpgagplgcltlafvaafrwrkereegqpdtiaevvgilwmlfqpmlfgligaavnfdnidlsalglgvavlaiglgvrivvsfcvvfgsglsikeqifvaiawfpkatvqaaigglaldaaiklgdphlinlgtsvltiavlsiiitapigalaiavsgprllnkidlktgkvvsknsedpekssmlnngnnenveeslq,False,False,Ostrea edulis
False,False,False,False,PRJNA683060,XP_038060272.1,672,maspvrlkpqpkprpskrtsgaaaspvaagatslmpktseysepkdtkhvkeeviyatpgeanvydapqqanvyatpdessrttspvhsskpgspvmewdgyqtqtsrdsqrwdrtppeiphfdldsddretdsdedsgeccpgrcepckavlrpcmaqynplpdnpslcvrlkhallcpphgrmsrdltlvllvflswgvvwgatgdaalpggtffalyvlticcilggflvklvrlppllgmlivgfilrnvpriniavdidkewssglrsvalvvilmqaglgldakalrslsmvcvrlcflpclveacvagvvshfllglpwvwgfmlgfvlgavtpavivpsllslqkrgygidkgiptlviaaascddvlaisafgvilgaafatgdlvynilrgplelvvgvafgclggvvlwylpdrfqnafvlrrtvllfggglfavfgsaavkfsgagalgcltmafvaghgwkknkepivknidllwiifepllfgligaevaietvqpatiglglatlfiglaarllasflavcrakmnlkeklfialawlpkatvqaaigpvaldtaikhgsgeyielgtqlltvavlsilvtaplgaiaialagprllsksinekprdnnnrrpiihlvpigtppesevvelspvspepdrsnplnrlvavvesddkv,False,False,Patiria miniata
False,False,False,False,PRJNA209509,XP_005112307.1,564,mvgrkdlndagahnsnnvefemnsdldgagssanrpqkcaalrecyqsctrpclaeshplpenaswprkcfdnilcpphskagaaifvaivfaaawttvysmtgkealpggnlfamlilfmacwcggylvglvrlppllgmllvggvlgnaphinvardidpvwssgcrqialtiiliraglgldpkalkklsfvvvrlafspclvetivdgiashlilglpwswgfmlgfviaavspavvvpsllslsergygvdkgiptlviaaasiddvlaitgfgvllgisfssgnivwtlfkgpieaivgvlygivggyiiwyipqksskhlilfrstlllllcmmaifgskildwsgagplaalslpfvaalkwrkeyaegvknpiedvvgvlwmifqpllfgligaevdissldgdtvglgiavlaiglslrvvvsflavfgtdlnlkerffipfawlpkatvqaavgavaldtakakgdvelealgkqilnlavlsilltaplgaaliavlgpmllnkretakansslarsvndsdrdrnveealleeendaesgnirlemtptvt,False,False,Aplysia californica
False,False,False,False,PRJNA390633,XP_021379547.1,549,mkkdmamsddavcqdsntemdgvnessllrnkhrqssdveseiqtpkrcvglrkcchrfwkpmqtknhqlpenpsipqrlkysllcpphgnlawyiqflilvgitwavlvslthsealpggnffslfvlfyasvvggylvsffrlppllgmlmvgamlrnipvvkivgesismpwssalrqialtviliraglgldpqalrklsftvlrlafipclaeccaeavaahfllgfpwewgfmlgfvlaavspavvvpsllslsdrgygldkgiptlviaaasvddvlaitgfgvvlgisfstgdialtivkgpleamlgvvygivfgivlwylpskdtknptlyrsllllgaglmatfgssavhlsgagplgcltlafvaalrwrkeaekegdngigdmvgllwmifqpllfsligaavdintidggtvglamgtlaiglfvrlcasfgavlfsglsvkemlfipiawlpkatvqaaiggialdeatkrgdarlmalgtsvltiavlsivitapigaalisivgpmwlrkqednkdgigddndeetksmtel,False,False,Mizuhopecten yessoensis
False,False,False,False,PRJNA432597,XP_023715318.1,554,msindltnavqlsstsytdgykqrsdgnpaevareqmnpllnhisernelsttsnksvigtgknentilteqadsspdykrssvvkriaenlapanlcpqfnlplriatvilmllllwgvmftifqdavlpqskifelttvvilayiagwlvslirlppllgmlvtgillrnigsfhmvgsyatavstlrlvamvvilikaglgldsaalrrlsfvvtklafipclveaatdavvahlvlgfpwlwgtllgfvlgavspavvvpsllglqekgygedkgistlviaassiddiaaisgfgvvlglifskggdlmqqlvhgpievaiglsfgvgwgillmffphkddlwvvgertfligggglfavlgsslvgysgagplgciiaafvacsgwklqgwssnfnpvadiygdiwkvfqpvlfgligteidlsqleentvlyglcilavglmlrllascfatmggtlnpreilfvaiawfpkatvqaalgpvaldlartedpqdtrklelasqvltiavlsilvtaplgaigiyiagprllgrvvketqgdtansqv,False,False,Cryptotermes secundus
False,False,False,False,PRJNA744898,XP_042203786.1,557,mdnltmtsfvdtlngpamdssqhqsdggraatidavevtsslqsrdgsflehegpvqeskikkcllscsschhplsrkhnplssnptflqllkysflcpphgtvgkwltlvliillvfgslvsilgatslpggnifslcvlfvlalvgghaitplrlppllgmlvvgillksvpgiseigknidrdwasalrnialvvillraglgldpaalkqlsfmvvrlafspciietivvatvshlllgfpwlwglmlgfvlsavtpavivpcmlvlsekgygvekgiptlviaastiddvlaisgfgillgitfaegelwvvilkgpfevlvgllfglifgvlcwvlpnrkeqeaqvmrfaiilsagllsvfgsqmvelggagalgclvmafvagfgwrrqgmtdenyvdhllgyvweffqpflfaligaeiqldqldgntvgyglititiglifrmitsflvvmggelsvkerifvalawlpkatvqaaigsqalnyarktaagpeaeklglqvltiavlvilitaplgaaaitlsapkllsrsnqahtqspgtpektmea,False,False,Homarus americanus
False,False,False,False,PRJNA903932,XP_052262773.1,538,mpaeeedmdlkvtngilvttedrsddpprctalrqccdratrplhtkynplesnastcqivkhafmcpphgklakycmfiimflvcgavlfslhleiflallvlfxacvvggylvvyiklppllgmlivgsclrniptvkvigesldsewsaalrqialtiiliraglgldpaalkklsfavirlafspclaecvaeaiaahfllgfpwiwsfmlgfvlaavspavvvpslinlsdrgygidkgiptlviaaasvddvlaitgfgvclgiafsegdlalsivkgpleavvgvlygivggvilwyipnrasrhvvlyrtfllfglglvstfgsskvefpgagplgcltlafiagyrwkkedwseqggkepmegivaivwmifqpllfgligsevnlaeidvgsvglgiavlaiglvirlivsffavwgtdlnlkeklfiplawfpkatvqaaigamamdkasevkdtdgvrlgkqiltlavlsiiitapvgaavialtgprllhcteqgqcqeeervegqeekgmllekkvsendavev,False,False,Dreissena polymorpha
False,False,False,False,PRJNA752636,XP_042856260.1,522,myycagmmenspemsngmrgtelagvvdsshnidgqvmedqissadkityesgsaslkyvfdcwpphgivgscltwtilvllvwgaaiaiiglsalpggnifslmclfciavlggqlatlaklpslmgmlvvgillssvpginyvgnsidkdwssalrnialvvillraglgldpaalkelsfmvlrlaftpcivetitvatvthlllgfpwlwglmlgfilsavtpavivpcmiklseegygmdkgiptlviaassvddvlaisgfgvlmgitfakgslwwiilkgpievvmglvyglgvgallwvlpnieernahnlrffllgsagllavfgsqmaqfggagalgclvmafvagigwrrqgmsednnpvddkllimwelfqpflfsligaeirvseldirtvgwglvtlavglvfrmttsflvvmggnlnikermfvalawlpkatvqaaigsqaldfaqkseagpeiirlgeqvltitvlvilitaplgaaaimlsapklltkgktkdtldlpdglpdp,False,False,Penaeus japonicus
False,False,False,False,PRJNA783019,XP_045108651.1,462,mpciyivgkwltgllilclvfgslvsllgdtalpggnifslfilflaaeaagrvveplrlppllgmlvvgillksvpginhvgksinqewstalrnlalviillraglgldpaalkqlslmvvrlafspcvvetlvvavvthlllgfpwlwglmlgfvlgavtpavivpcmlvlsqkgygvdkgiptlviaassvddvlaisgfgvlmgitfaegelwvvilkgpfevvvgliygvvlgmlcwvlpvpsehnapllrfvvlltagvvslfgsplihlggsgalgclvmafvagfgwrkqgmteenyvdkmlehmwmffqpflfaligaeiqvdklegstigyglltlfvglvfrmvtsflvvmggelnmkerlfvafawlpkatvqaaigsqaldyarktnagpeeerlgeqvltiavlsilltapvgaaaimltaprllgkssqakegvgemdeaakeppe,False,False,Portunus trituberculatus
False,False,False,False,PRJNA290623,XP_013095142.1,558,mssdkpstvshpavgdsfqhiefemvidqddeasentkkksmlkvkecfgrctkplmsdnhplpldapwyyrlrdnflcpphsrmgavifivlvtgsiwatlfsvtgeealpggnlfallvlfvacwsggyvarlirlppllgmlivggvlgnvpyinlardihsswvftlrqialtviltraglgldpkalkrlsfvvlrlaflpclteatvdaiashlilgfpwqwgfmlgfvisavspavivpsvlslgercygiekgiptlviaassvddilaitgfgvllgitfstgdivwtlfkgplevlsgvtygivggvilwyipqktsklqllfrsvllmfmglmaifgsiklhwsgagplaaltvpfvaavrwrsewkessknpveevlgvlwmifqpflfgligsevdvmkldydviglgiavlviglvfrisvsflsvfftnlnykerlfvamawlpkatvqaaigtvafdlakknndvaaqtlgkqvlnlavlsilltapigsflisllgpvllkcspvttsekivvqengiqekcmiedeltdnkpqeteekel,False,False,Biomphalaria glabrata
False,False,False,False,PRJNA822080,XP_047501491.1,515,menlpemsngmrstevavvvdsshnidgqvmedqissadkityesgsaslkyvfdcwpphgivgrcltwtilvllgwgaaiailgisalpggnifsimclfciallggqlatlaklpslmgmlvvgiilssvpginyvgsnidkdwsaalrnialvvillraglgldpaalkelsfmvlrlaftpcivetitvatvthlllgfpwlwglmlgfilsavtpavivpcmiklseegygmdkgiptlviaassvddvlaisgfgvlmgitfaegslwwiilkgpievvmglvyglgvgallwvlpnieernaqnlrffllacagllavfgsqmaqfggagalgclvmafvagigwrrqgmsednnpvddkllimwelfqpflfsligaeiqvseldigtvgwglvtlaiglvfrmttsflvvmggnlnikerlfvalawvpkatvqaaigsqaldfaqkseagpevvrlgeqvltitvlvilitaplgaaaimlsapkllskgktkdtldlpdglpdp,False,False,Penaeus chinensis
False,False,False,False,PRJNA379157,XP_022314757.1,563,mtelkdmnsehdqgnggpypsppeaeekgeegslkvsieeeepsspkcxalrscfhscskpvrtkyhplsenpgklerfrfafmcpphgnlamyiqffvlcamtwavfialtkdqaxpggnvfslvilftaavaggyifslcrlppllgmlivggmlsnipviktvgqgldlqwsgalrkialtviliraglgldpvalrklsftvlrlafapclmeclaegvaahfllglpwewgfmlgfvlaavspavvvpsllnlsdrgygldkgiptlviaaasvddvlaitgfgvvlgiaftqgdlaltivkgpleallgvafgclvgvflwyfpaknqpnrmfyrslllfsaglmatfgsdavhlpgagplgcltlafvaafrwrkerveggkddiaemvgilwmlfqpllfgligaavnfdnikdlnslglgiavlaiglvvriivsfcvvfgsgltikeqifvalawfpkatvqaaigglaldaaikxnnpemiewgtsvlttavlsiiitapigalaiaisgplllnridpktgnwwlkvvkdnensekasmlaakennelkel,False,False,Crassostrea virginica
False,False,False,False,PRJNA625562,XP_033756494.1,535,msnvyqdtnielegvcestslqndsrirqsseteietpkrcvglhiccqkiskplltkshplpenpsicqrlkysflcpphgnlawymqflilvgitwtvlvslthsealpggnffslfvlfygaivggyfisffklppllgmlivgaalrnipvvkivgesismpwssalrqtaltviliraglgldpqalrklsftvlrlafipclaeccaeavaahfllgfpwewgfmlgfvlaavspavvvpsllslsdrgfgldkgiptlviaaasvddvlaitgfgvvlgiafskgdialtivkgpleallgvvygiivgvimwylpskdtnnpalyrsllllgagmlatfgssvvhlsgagplgcltlafiaalrwrkeaekegdngindmvgllwmifqpllfgligaavdvnaidgstvglamgtlaiglfirlcasfgavlfsglstkemlfipiawlpkatvqaaiggialdeatkrgdanlmalgtsvltiavlsivvtapigaaliaifgplwlekrkededcndnevddas,False,False,Pecten maximus
False,False,False,False,PRJNA839416,XP_046367310.2,614,msegqtdkareadglamqsysnssaklskrdmfsegsatmdqdgeveveiseelpkseqpkkclalrtcchrtfkpiqthynplpenatlgqrvkyffmcpphgkvggflvllfmfgiwlavlisltgaealpggnlfallvlfvtcwfggylvslvkniipflplppllgmllvggllrnvpqiaistdihrawssgarnialgiillraglgldpsalrklsfvvvrlafspclmettadavaahlllgfpwewgfmlgfviaavspavvvpcllslqedgygvdkgiptlviaaasvddvlaitgfgvvlgiafsqgnlawtllkgpleavvgvalgtvagvilwyfpqrtsknlvlfrsvmlvgfglmaiflstylkwagsgplgcltlafvaalkwrkefkegeqnpienvvgvlwmifqpllfgliaseveissidkntiglglatlgiglavrmvvsflavfftplnlrermfipfawlpkatvqaaigakayemaisegkpelenlgkqiltiavlailitapigaalvtifgpkllkktqnvespdvvsdreshaiqghnnpvfcaedesgaadtkgvqiedvsgqearfqgsrqdemngdttrl,False,False,Haliotis rufescens
False,False,False,False,PRJNA679074,XP_037797691.1,515,menmpempngmrstevavvvdsshnidgqvmedqissadkityesgsaslkyvfdcwpphgivgrcltwtilvllgwgaaiailgisalpggnifslmclfciallggqlatlaklpslmgmlvvgiilssvpginyvgnnidkewssalrnialvvillraglgldpaalkelsfmvlrlaftpcivetitvatvthlllgfxwlwglmlgfilsavtpavivpcmiklseegygmdkgiptlviaassvddvlaisgfgvlmgitfaegslwwiilkgpievvmglvyglgvgalfwvlpnieersaqnlrffllgcagllavfgsqmaqfggagalgclvmafvagigwrrqgmsednnpvddkllimwelfqpflfsligaeiqvseldigtvgwglvtlaiglvfrmttsffvvmggnlnvkerlfvalawvpkatvqaaigsqaldfaqkseagpeivrlgeqvltitvlvilitaplgaaaimlsapkllskgktkdtldlpdglpdp,False,False,Penaeus monodon
False,False,False,False,PRJNA508983,XP_027214475.1,515,menlpemsngmrstelavvvdsshnldgqvieeqissadkityesgsaslkyvfdcwpphgivgrcltwtllvllgwgaaiaiigisalpggnifslmclfciavlggqlatlaklpslmgmlvvgixlssvpginyvgnnidkewssalrnialvvillraglgldpaalkelsfmvlrlaftpcivetvtvatvthlllgfpwlwglmlgfilsavtpavivpcmiklseegygmdkgiptlviaassvddvlaisgfgvlmgitfaegslwwiilkgpievvmglvyglgvgalfwvlpnieersaqnlrffllgcagllavfgsqmaqfggagalgclvmafvagigwrrqgmsednnpvddkllimwelfqpflfsligaeiqvseldigtvgwglvtlaiglvfrmatsflvvmggnlnikerifvalawvpkatvqaaigsqaldfaeksgagpeivrlgeqvltitvlvilitaplgavaimlsapkllskgktkdtldlpdglpdp,False,False,Penaeus vannamei
False,False,False,False,PRJNA727593,XP_041363756.1,613,mdntehsdlhlqeirecdesvtkngkdegtlcksnsfsnrevtfqaedevpkrkkpercvwcrlccgrctspllttrnplpsnpsccdrfkfallcpphgrvggflfllilfftlwgflvavtdknalpggnlfsllvlfftcwfggylisfirlppllgmlivggllnnvphisiakdidhtwsagarqialtviliraglgldpkalrrlsfvvvrlafspclvetvtdgiaahlllgfpwewgfmlgfviaavspavvvpsllglqergygvekgvptlviaaasiddvlaitgfgvlmgitfskgnlvwtlfkgpleaivgviygilmgivlwyvphksskhlvlfrstlllglgllaiflsiylewsgagplgclslafvaalkwrkevhpddknpienvvgvlwmifqpllfgligaavnisdidtntialglatlgiglgirmlvsfcalfcsslnmrerifiaiawlpkatvqaaigalaldqamsrnksgmknddeikygkqvltiavlsilitapigsalmallgpkllhlsvgdregleivqtnyhenpsvsiedesskdiqytlennleinihqpshlekvnglgnteivksspmeettkl,False,False,Gigantopelta aegis
False,False,False,False,PRJNA259762,XP_009060216.1,530,mdtepkkcakcrtccfnccrpcltsenplsvdpsccsrfkfafmcpphgrlgalllcillfglwfgvmyfltgkemlpggnlfalctlfiacwcggylfnlinlpsllgmlivggmlgnvpyinvardihtlwsigarqialaviliraglgldpkalkklsfvvirlafspclmetltdglvshfllglpwefalmlgfvlaavspavvvpsllnlsdrgygvdkgiptlviaaasvddvlaitgfgvligiafssgnlvwtlfkgplealigicygviagiilwfipqkssknlhllrctllmvgglfvlfgsraagyagagplgcltmpfvaafkwrqerdpiesavgvlwmifqpllfgligaqvkieeieiqtvglgiatlfiglairmvtsfvavqrtelnlkekffipfawlpkatvqaaiggvaldtathlndkvrmeygeqiltlavlsilitapigsfliavlgprllakykpgnqvdksdiegvendessntnnalnlnegdikaipviennnetttrm,23254933,False,Lottia gigantea
False,False,False,False,PRJNA397071,XP_021956973.1,535,mesgedlvesngaivdtqqasssskwfttlldwrphprlqsvlsrvflplftyatlqlislslvttspttyhstspvvillflglgmgelfdtvklppllgmlvtglllrnvdfftsggewlgldvdvthiapqistllrqialvviliraglgldpaallrlkgvvirlafcpclaeavtvavashfvlgfpwlwglilgfvlaavspavvvpcllslrergyglakgiptiviaassvddilaisafglvlglnfaaspnfwelilqgplelgaglgfgifwgsllgsifsnkdspgensalvtrtlltlsggitallafqkfhlpgsgplgclvatfvaaifwrrkgvlgdtsslnqvfsllwyvfqpllfgligteielrklepavamlgtlvlliglivrvgvtyltvanadlnvkerlfvalawipkatvqaaigplaldmarsspnpdpdqeelglkvltiavlvilltapfgsmaitllgpklltssgdkenavrkkmmgdvesngtddttnnkngdetngqhkrns,False,False,Folsomia candida
False,False,False,False,PRJNA883401,XP_050686079.1,545,mensalqfsetgnasqdggaqcdgetqetftpvlldscsvedpggprkevgrcqalcatclrpftrslyllpdnptlrqkfrysllcpphgrvgkwltglliislvfgslvsllgesalpgsnifslfvlfvlaeaagravvplrlppllgmlvvgillksvpgldvigknidqewsaalrnlalviillraglgldpaalrqlsfmvvrlafspcvvetlvvavvthlvlgfpwlwglmlgfvlgavtpavivpcmlvlsqkgygvekgiptlviaassiddvlaisgfgvlmgitfaegelwvvilkgpfevvvgvlyglvlgalswvlpvpsenntdvlrfslllaagvvslfgsqmihlggsgalgclvmafvagfgwrrqgmteenhvdqmlekawiffqpflfaligaeiqvdklegstigyglltlfvslvfrmltsflvvmggqlnlrerlfvalawlpkatvqaaigsqaldyarktnagpeeeklgeqvltiavlsilvtapvgaaaimltaprllskpdqdkekavgtaqetle,False,False,Eriocheir sinensis
False,False,False,False,PRJNA298780,XP_014291733.1,470,mvglllilllvwailytllrvevapggdlfklivlvlvayvsggvvarlrlppllgmliagivlrtcgffkvqgvyldiiiklretaltvilikaglgldapallklslvvlrlaflpcigeavaaafvsyylldypwlwglllgfmlsavspavvvpvllslqergygeskgistlviaasslddivaisvfgvfmgmifskgdltqqilqgpiemliglafgvfwgivasfiphrsdnyvtakrsvmigagglcavlgselihysgagplacivasfiaclswklqgwssahnpvadvfsvvwqilqpmlfgligaeidltilelhtvalgllvifgalvfriivcctvllgsklnwkeilfvnlawlpkatvqaalgpealdqvriqdepnpldmkrgaqiltiavlsilltapigsigisvtgplllsnepskekektvavnetsmhmsegtehsnakesgvgtsv,False,False,Halyomorpha halys
False,False,False,False,PRJNA918361,XP_052773686.1,544,msednpeqnhtadgaeepggkgngppakccmalrqclhsctrpcttrynplphepsipqmisyslrcpphgklakylmfvlmfgvswavlisltgpqglpggnffslvilfffcviggylvtfirlppllgmlivgcllrnvpkidivgnnldsgwssalrqialtviliraglgldpaalrklsfavvrlafspclmecvaeavaahfllglpwiwcfmlgfvlaavspavvvpsllnlsdrgyginkgiptlviaaasiddvlaitgfgvclgiafsegdlalsilkgpleaivgvlygilggliiwyipnrasrhvilyrtfllfglglmstfgsskmefpgagplgcltlafvagfrwkkedwssnggkepmtqivailwmifqpllfgligsavdiskidagsvgkgigvlgigmvirlivsffsvfgtdlnlkerlfipfawlpkatvqaaigalamdkamemgdsegvaygkeiltlavlsivitapigaaiiaitgpillhhtereqsleyvaeeveegtdneekgtllqdqtdiv,False,False,Mya arenaria
False,False,False,False,PRJNA899088,XP_052068388.1,531,msketdiadgmngvileedieeteqestrkchglrtfchnfclpcrtkyhplpenpncwdrfkftfmcpphgviarylqflflcgitfgvllalfkdyalpggnffslyvlffgsvlggylisfiklppllgmllvgallrnvpvidvvgnhldnkwsgalrqialtviliraglgldpvalrklsftvvrlacspclveciseaiashfllglpwewafmlgfvlsavspavvvpsllnlsdrgyglnkgiptlviaaasiddvlaitgfgvvlgiafstgdlavsiikgpaeallgvaygviggillwyipakgdnfifyrgmtllgaglmatfgsaaielsgagplgvltiafvaafrwrkekkddqdpikdivailwmlfqpmlfgligaevqiskidgetvglglatlsigmvirlavsflavfrsglnfkemlfitfawfpkatvqaaiggvaldaarrkgdptleayggiiltmavlsiiitapigaiaiaisgprllkrtvkdkeygeedvqntdelaeitkv,False,False,Mytilus californianus
False,False,False,False,PRJNA624368,XP_037084502.1,587,madptatyvfpaldleppmqqqqqqqprsaeqstsseekqsrssehgslngtdlatrgsgskpptisddigdqdvflaeplelqspeptgrchrcsrpllrstykplpaapvwrrllygctcppwgrleqllvavlvtlalwalavsladkealpggqifgvlcvvvlslaagwlverlrlppllgmlimgivlanvpglsgvatavkestssllrnvalmviltraglgldagalrrlslvvvrlaftpclsetltvgiaahlllgmpwiwsfmlgfvlaavspavvvpcllalqeqgygvakgvptlvmaaasiddvlaisgfgvlfgicfsqgaltdkllsgplevllglsygvslgvllwflpgadnrqlpllrlvlitclgllalfgsqavgcsgagalgaltlsfvaghgwrqrgwtgdtnpvseaygilwfvfqpilfgligaeirvdalkadtvgfglltlaigltvriivsffvvmgggltvkerlfvavawlpkatvqaaigpvaldyarlhaptpenialgeqvvaiavlvilvtapigaaaimlsaprllvrgsqvapgsqdqtkgkvangdnta,False,False,Pollicipes pollicipes
False,False,False,False,PRJNA238073,XP_022238180.1,450,magstsneipnvqektenqtlnldqvvkensptsesvvnepglasnnkshsmlimgfmlrnipkinfaedldpkwtsdlrsvalvvillragmgldpgtlrklslvcfrlaftpclvetvtvavtsnlllgfpwlwgfilgfvlaavspavvvpsmldlqdkklgvnkgiptlviaaasiddvlaitgfgvvlgitfsegsvawtvikgpleamvgvayggifgfilwhvpakddkslsilrsaalligglfimfgsravefggagalgclslafvaasgwrkqkwddgiwdgddnpvrtffnylwkifqpilfgligaeiqvsqleantvglglatlgiglfirmivtflvvfkanlniseqvfvalawlpkatvqaafgpvaldyarntkagpemeafgikvltiavlailvtaplgaaaislsaprlltpspgnnktsndteaqgsv,False,False,Limulus polyphemus
False,False,False,False,PRJNA422877,XP_023233238.1,504,mhldfqtppsqqqsplqlsnanfsskkknflkafllspsvlswfglilstslvwgslwgllnhlalpggeifalvvvvvvcyiggqivslltlppllgmlimgmilqnvpyidvakdlnpkwssdlrsialviillraglgldpivlrklsgacfrlaftpcivecitiaiishfllefpwlwgfilgfviaavspavvvpsmllleekglgvnkgiptlviaaasvddilaitgfgvvlgitfstgslawniakgpleavigivygcilgwimwfvpgdsdkkvnlfrilellfggmfamfggravkfggigalacltlafvaafgwrkksfsnedslvsstlgnlwllfqpilfgligteikfedlkgdtvgfgiavllialvfrmltsfivvfkaglslreqffiaiawlpkatvqaaigpfaldlarklgsdkteeklgiqvltiavlsilltapigaaaiavsaprllektdkdnlphetssytsssasldkgeidtkl,False,False,Centruroides sculpturatus
False,False,False,False,PRJNA396924,XP_021922262.1,535,mnidevahdnaaetateqtnpllnqrsdenellkivemtvmqsgktdnaalngqgeptdskhrysvlkrtgkrlapanlcpqmnlplrvvtlllillllwgvtftlfqdavlpqgkvfalatlfvlaylagwlislihlppllgmlvmgillrnigffhmtgpyatavstlrlvamvvilikaglgldaaalkrlsfvvvklafipclveaatvavvahlvlgfpwlwgillgfvlgavspavvvpsllalqgkgygedkgiatlviaassiddivaisgfgvvvglifstgdlmqqlvhgpievviglsfgigwgillmfiphkddvwvvrerafligggglfavlgsslvgysgagplacivaaflacsgwkmlgwsssfnpvadiysviwkvfepvlfgligteidlsqleantilyglcvlavglmlrllasclatmggtlnlkemlfvtiawfpkatvqaalgpvaldlarkevpvdmnkldlasqvltiavlsilltapigavgiyiagprllgrtvpktvdnaansqv,False,False,Zootermopsis nevadensis
