Description,Scientific Name,Max Score,Total Score,Query Cover,E value,Per. ident,Acc. Len,Accession  
hypothetical protein BaRGS_024533 [Batillaria attramentaria],Batillaria attramentaria,328,328,28%,8e-96,45.58,510,"=HYPERLINK(""https://www.ncbi.nlm.nih.gov/protein/KAG5713906.1?report=genbank&log$=prottop&blast_rank=1&RID=ZZV5F9G8016"",""KAG5713906.1"")"
unnamed protein product [Timema californicum],Timema californicum,322,322,28%,2e-95,42.86,381,"=HYPERLINK(""https://www.ncbi.nlm.nih.gov/protein/CAD7578322.1?report=genbank&log$=prottop&blast_rank=2&RID=ZZV5F9G8016"",""CAD7578322.1"")"
Cation/H+ exchanger [Trinorchestia longiramus],Trinorchestia longiramus,341,341,28%,2e-95,45.45,1026,"=HYPERLINK(""https://www.ncbi.nlm.nih.gov/protein/KAF2354193.1?report=genbank&log$=prottop&blast_rank=3&RID=ZZV5F9G8016"",""KAF2354193.1"")"
unnamed protein product [Candidula unifasciata],Candidula unifasciata,318,318,29%,1e-91,43.63,565,"=HYPERLINK(""https://www.ncbi.nlm.nih.gov/protein/CAG5128447.1?report=genbank&log$=prottop&blast_rank=4&RID=ZZV5F9G8016"",""CAG5128447.1"")"
hypothetical protein TCAL_08307 [Tigriopus californicus],Tigriopus californicus,318,318,27%,1e-91,45.45,555,"=HYPERLINK(""https://www.ncbi.nlm.nih.gov/protein/TRY75264.1?report=genbank&log$=prottop&blast_rank=5&RID=ZZV5F9G8016"",""TRY75264.1"")"
mitochondrial sodium/hydrogen exchanger 9b2-like [Plakobranchus ocellatus],Plakobranchus ocellatus,313,313,31%,4e-90,43.00,542,"=HYPERLINK(""https://www.ncbi.nlm.nih.gov/protein/GFN98310.1?report=genbank&log$=prottop&blast_rank=6&RID=ZZV5F9G8016"",""GFN98310.1"")"
mitochondrial sodium/hydrogen exchanger 9B2-like [Biomphalaria glabrata],Biomphalaria glabrata,313,313,30%,5e-90,44.33,534,"=HYPERLINK(""https://www.ncbi.nlm.nih.gov/protein/KAI8745152.1?report=genbank&log$=prottop&blast_rank=7&RID=ZZV5F9G8016"",""KAI8745152.1"")"
Sodium/hydrogen exchanger 9B2 [Nymphon striatum],Nymphon striatum,322,322,28%,9e-89,42.62,990,"=HYPERLINK(""https://www.ncbi.nlm.nih.gov/protein/KAG1694105.1?report=genbank&log$=prottop&blast_rank=8&RID=ZZV5F9G8016"",""KAG1694105.1"")"
hypothetical protein C0Q70_01142 [Pomacea canaliculata],Pomacea canaliculata,311,311,27%,2e-88,44.83,624,"=HYPERLINK(""https://www.ncbi.nlm.nih.gov/protein/PVD38526.1?report=genbank&log$=prottop&blast_rank=9&RID=ZZV5F9G8016"",""PVD38526.1"")"
Sodium/hydrogen exchanger 9B2 [Nymphon striatum],Nymphon striatum,321,321,28%,2e-88,42.62,997,"=HYPERLINK(""https://www.ncbi.nlm.nih.gov/protein/KAG1694104.1?report=genbank&log$=prottop&blast_rank=10&RID=ZZV5F9G8016"",""KAG1694104.1"")"
Na/H Exchanger [Schistocerca gregaria],Schistocerca gregaria,304,304,27%,3e-88,45.45,423,"=HYPERLINK(""https://www.ncbi.nlm.nih.gov/protein/QVD39181.1?report=genbank&log$=prottop&blast_rank=11&RID=ZZV5F9G8016"",""QVD39181.1"")"
Sodium/hydrogen exchanger 9B2 [Nymphon striatum],Nymphon striatum,306,306,28%,1e-87,42.62,539,"=HYPERLINK(""https://www.ncbi.nlm.nih.gov/protein/KAG1663790.1?report=genbank&log$=prottop&blast_rank=12&RID=ZZV5F9G8016"",""KAG1663790.1"")"
hypothetical protein LOTGIDRAFT_210172 [Lottia gigantea],Lottia gigantea,303,303,31%,2e-86,43.11,530,"=HYPERLINK(""https://www.ncbi.nlm.nih.gov/protein/ESO89178.1?report=genbank&log$=prottop&blast_rank=13&RID=ZZV5F9G8016"",""ESO89178.1"")"
Sodium/hydrogen exchanger 9B2 [Lamellibrachia satsuma],Lamellibrachia satsuma,303,367,39%,5e-86,41.89,586,"=HYPERLINK(""https://www.ncbi.nlm.nih.gov/protein/KAI0224210.1?report=genbank&log$=prottop&blast_rank=14&RID=ZZV5F9G8016"",""KAI0224210.1"")"
Sodium/hydrogen exchanger 9B2 [Nymphon striatum],Nymphon striatum,314,314,28%,6e-86,42.01,1007,"=HYPERLINK(""https://www.ncbi.nlm.nih.gov/protein/KAG1694103.1?report=genbank&log$=prottop&blast_rank=15&RID=ZZV5F9G8016"",""KAG1694103.1"")"
Sodium/hydrogen exchanger 9B2-like 1 [Homarus americanus],Homarus americanus,301,301,28%,2e-85,43.49,557,"=HYPERLINK(""https://www.ncbi.nlm.nih.gov/protein/KAG7156541.1?report=genbank&log$=prottop&blast_rank=16&RID=ZZV5F9G8016"",""KAG7156541.1"")"
Sodium/hydrogen exchanger 9B2 [Nymphon striatum],Nymphon striatum,298,298,28%,1e-84,42.01,556,"=HYPERLINK(""https://www.ncbi.nlm.nih.gov/protein/KAG1663789.1?report=genbank&log$=prottop&blast_rank=17&RID=ZZV5F9G8016"",""KAG1663789.1"")"
Mitochondrial sodium/hydrogen exchanger 9B2 [Mizuhopecten yessoensis],Mizuhopecten yessoensis,298,298,28%,1e-84,44.51,549,"=HYPERLINK(""https://www.ncbi.nlm.nih.gov/protein/OWF37825.1?report=genbank&log$=prottop&blast_rank=18&RID=ZZV5F9G8016"",""OWF37825.1"")"
SL9B2-like protein [Mya arenaria],Mya arenaria,298,298,27%,1e-84,43.68,562,"=HYPERLINK(""https://www.ncbi.nlm.nih.gov/protein/WAQ97368.1?report=genbank&log$=prottop&blast_rank=19&RID=ZZV5F9G8016"",""WAQ97368.1"")"
SL9B2-like protein [Mya arenaria],Mya arenaria,297,297,27%,3e-84,43.68,544,"=HYPERLINK(""https://www.ncbi.nlm.nih.gov/protein/WAR20709.1?report=genbank&log$=prottop&blast_rank=20&RID=ZZV5F9G8016"",""WAR20709.1"")"
SLC9B1_2 [Mytilus edulis],Mytilus edulis,293,293,27%,4e-84,45.00,450,"=HYPERLINK(""https://www.ncbi.nlm.nih.gov/protein/CAG2239237.1?report=genbank&log$=prottop&blast_rank=21&RID=ZZV5F9G8016"",""CAG2239237.1"")"
unnamed protein product [Timema cristinae],Timema cristinae,287,287,25%,1e-83,42.99,328,"=HYPERLINK(""https://www.ncbi.nlm.nih.gov/protein/CAD7413317.1?report=genbank&log$=prottop&blast_rank=22&RID=ZZV5F9G8016"",""CAD7413317.1"")"
unnamed protein product [Timema tahoe],Timema tahoe,291,291,27%,4e-83,43.77,464,"=HYPERLINK(""https://www.ncbi.nlm.nih.gov/protein/CAD7456214.1?report=genbank&log$=prottop&blast_rank=23&RID=ZZV5F9G8016"",""CAD7456214.1"")"
unnamed protein product [Candidula unifasciata],Candidula unifasciata,292,292,31%,1e-82,41.60,527,"=HYPERLINK(""https://www.ncbi.nlm.nih.gov/protein/CAG5128446.1?report=genbank&log$=prottop&blast_rank=24&RID=ZZV5F9G8016"",""CAG5128446.1"")"
hypothetical protein M8J76_008099 [Diaphorina citri],Diaphorina citri,292,292,29%,2e-82,42.67,552,"=HYPERLINK(""https://www.ncbi.nlm.nih.gov/protein/KAI5736882.1?report=genbank&log$=prottop&blast_rank=25&RID=ZZV5F9G8016"",""KAI5736882.1"")"
putative mitochondrial sodium/hydrogen exchanger 9B2-like [Scophthalmus maximus],Scophthalmus maximus,287,287,29%,2e-82,39.30,402,"=HYPERLINK(""https://www.ncbi.nlm.nih.gov/protein/AWO97335.1?report=genbank&log$=prottop&blast_rank=26&RID=ZZV5F9G8016"",""AWO97335.1"")"
hypothetical protein M8J75_003579 [Diaphorina citri],Diaphorina citri,291,291,29%,5e-82,42.67,552,"=HYPERLINK(""https://www.ncbi.nlm.nih.gov/protein/KAI5704272.1?report=genbank&log$=prottop&blast_rank=27&RID=ZZV5F9G8016"",""KAI5704272.1"")"
Hypothetical predicted protein [Mytilus galloprovincialis],Mytilus galloprovincialis,291,291,27%,6e-82,45.00,555,"=HYPERLINK(""https://www.ncbi.nlm.nih.gov/protein/VDI61892.1?report=genbank&log$=prottop&blast_rank=28&RID=ZZV5F9G8016"",""VDI61892.1"")"
Hypothetical predicted protein [Mytilus galloprovincialis],Mytilus galloprovincialis,288,288,27%,3e-81,45.00,532,"=HYPERLINK(""https://www.ncbi.nlm.nih.gov/protein/VDI61893.1?report=genbank&log$=prottop&blast_rank=29&RID=ZZV5F9G8016"",""VDI61893.1"")"
Sodium/hydrogen exchanger 9B2 [Cryptotermes secundus],Cryptotermes secundus,291,291,30%,7e-81,41.21,643,"=HYPERLINK(""https://www.ncbi.nlm.nih.gov/protein/PNF40993.1?report=genbank&log$=prottop&blast_rank=30&RID=ZZV5F9G8016"",""PNF40993.1"")"
mitochondrial sodium/hydrogen exchanger 9b2-like [Plakobranchus ocellatus],Plakobranchus ocellatus,290,290,28%,9e-81,42.94,618,"=HYPERLINK(""https://www.ncbi.nlm.nih.gov/protein/GFN81860.1?report=genbank&log$=prottop&blast_rank=31&RID=ZZV5F9G8016"",""GFN81860.1"")"
mitochondrial sodium/hydrogen exchanger 9B2-like [Elysia marginata],Elysia marginata,281,281,29%,2e-80,41.16,397,"=HYPERLINK(""https://www.ncbi.nlm.nih.gov/protein/GFR63530.1?report=genbank&log$=prottop&blast_rank=32&RID=ZZV5F9G8016"",""GFR63530.1"")"
hypothetical protein M8J75_003579 [Diaphorina citri],Diaphorina citri,285,285,29%,4e-80,42.35,519,"=HYPERLINK(""https://www.ncbi.nlm.nih.gov/protein/KAI5704273.1?report=genbank&log$=prottop&blast_rank=33&RID=ZZV5F9G8016"",""KAI5704273.1"")"
hypothetical protein LOTGIDRAFT_63379 [Lottia gigantea],Lottia gigantea,282,282,28%,5e-80,41.74,454,"=HYPERLINK(""https://www.ncbi.nlm.nih.gov/protein/ESP00110.1?report=genbank&log$=prottop&blast_rank=34&RID=ZZV5F9G8016"",""ESP00110.1"")"
Mitochondrial sodium/hydrogen exchanger 9B2 [Acipenser ruthenus],Acipenser ruthenus,280,280,28%,6e-80,40.17,409,"=HYPERLINK(""https://www.ncbi.nlm.nih.gov/protein/RXM92803.1?report=genbank&log$=prottop&blast_rank=35&RID=ZZV5F9G8016"",""RXM92803.1"")"
unnamed protein product [Medioppia subpectinata],Medioppia subpectinata,290,290,28%,6e-80,42.27,726,"=HYPERLINK(""https://www.ncbi.nlm.nih.gov/protein/CAD7622824.1?report=genbank&log$=prottop&blast_rank=36&RID=ZZV5F9G8016"",""CAD7622824.1"")"
Mitochondrial sodium/hydrogen exchanger 9B2 [Orchesella cincta],Orchesella cincta,284,284,28%,7e-80,42.03,531,"=HYPERLINK(""https://www.ncbi.nlm.nih.gov/protein/ODN02785.1?report=genbank&log$=prottop&blast_rank=37&RID=ZZV5F9G8016"",""ODN02785.1"")"
unnamed protein product [Mustela putorius furo],Mustela putorius furo,279,279,27%,1e-79,40.86,394,"=HYPERLINK(""https://www.ncbi.nlm.nih.gov/protein/CAI5680408.1?report=genbank&log$=prottop&blast_rank=38&RID=ZZV5F9G8016"",""CAI5680408.1"")"
hypothetical protein LOTGIDRAFT_186688 [Lottia gigantea],Lottia gigantea,283,283,30%,1e-79,41.65,494,"=HYPERLINK(""https://www.ncbi.nlm.nih.gov/protein/ESP00109.1?report=genbank&log$=prottop&blast_rank=39&RID=ZZV5F9G8016"",""ESP00109.1"")"
hypothetical protein ANN_16512 [Periplaneta americana],Periplaneta americana,287,287,30%,1e-79,39.53,635,"=HYPERLINK(""https://www.ncbi.nlm.nih.gov/protein/KAJ4436481.1?report=genbank&log$=prottop&blast_rank=40&RID=ZZV5F9G8016"",""KAJ4436481.1"")"
SLC9B1_2 [Mytilus coruscus],Mytilus coruscus,283,283,27%,2e-79,43.95,531,"=HYPERLINK(""https://www.ncbi.nlm.nih.gov/protein/CAC5409661.1?report=genbank&log$=prottop&blast_rank=41&RID=ZZV5F9G8016"",""CAC5409661.1"")"
unnamed protein product [Mustela putorius furo],Mustela putorius furo,279,279,27%,2e-79,40.86,417,"=HYPERLINK(""https://www.ncbi.nlm.nih.gov/protein/CAI5680407.1?report=genbank&log$=prottop&blast_rank=42&RID=ZZV5F9G8016"",""CAI5680407.1"")"
mitochondrial sodium/hydrogen exchanger 9B2-like [Elysia marginata],Elysia marginata,286,286,29%,2e-79,42.82,651,"=HYPERLINK(""https://www.ncbi.nlm.nih.gov/protein/GFR84753.1?report=genbank&log$=prottop&blast_rank=43&RID=ZZV5F9G8016"",""GFR84753.1"")"
mitochondrial sodium/hydrogen exchanger 9B2-like [Elysia marginata],Elysia marginata,283,283,27%,3e-79,44.83,547,"=HYPERLINK(""https://www.ncbi.nlm.nih.gov/protein/GFR63527.1?report=genbank&log$=prottop&blast_rank=44&RID=ZZV5F9G8016"",""GFR63527.1"")"
hypothetical protein [Vespula vulgaris],Vespula vulgaris,286,286,27%,4e-79,41.71,660,"=HYPERLINK(""https://www.ncbi.nlm.nih.gov/protein/KAF7383363.1?report=genbank&log$=prottop&blast_rank=45&RID=ZZV5F9G8016"",""KAF7383363.1"")"
putative mitochondrial sodium/hydrogen exchanger 9B2-like [Penaeus vannamei],Penaeus vannamei,280,280,28%,5e-79,42.90,487,"=HYPERLINK(""https://www.ncbi.nlm.nih.gov/protein/ROT75079.1?report=genbank&log$=prottop&blast_rank=46&RID=ZZV5F9G8016"",""ROT75079.1"")"
"Na+/H+ antiporter, 1-like [Hyalella azteca]",Hyalella azteca,275,275,24%,6e-79,41.14,343,"=HYPERLINK(""https://www.ncbi.nlm.nih.gov/protein/KAA0203922.1?report=genbank&log$=prottop&blast_rank=47&RID=ZZV5F9G8016"",""KAA0203922.1"")"
Sodium/hydrogen exchanger 9B2 [Larimichthys crocea],Larimichthys crocea,276,276,27%,6e-79,40.29,374,"=HYPERLINK(""https://www.ncbi.nlm.nih.gov/protein/TMS01055.1?report=genbank&log$=prottop&blast_rank=48&RID=ZZV5F9G8016"",""TMS01055.1"")"
Sodium/hydrogen exchanger 9B2 [Branchiostoma belcheri],Branchiostoma belcheri,283,338,37%,1e-78,41.43,599,"=HYPERLINK(""https://www.ncbi.nlm.nih.gov/protein/KAI8521382.1?report=genbank&log$=prottop&blast_rank=49&RID=ZZV5F9G8016"",""KAI8521382.1"")"
Mitochondrial sodium/hydrogen exchanger NHA2 [Apis cerana cerana],Apis cerana cerana,275,275,27%,3e-78,41.31,404,"=HYPERLINK(""https://www.ncbi.nlm.nih.gov/protein/PBC30959.1?report=genbank&log$=prottop&blast_rank=50&RID=ZZV5F9G8016"",""PBC30959.1"")"
Sodium/hydrogen exchanger 9B2 [Bulinus truncatus],Bulinus truncatus,276,276,28%,3e-78,45.30,431,"=HYPERLINK(""https://www.ncbi.nlm.nih.gov/protein/KAH9519772.1?report=genbank&log$=prottop&blast_rank=51&RID=ZZV5F9G8016"",""KAH9519772.1"")"
hypothetical protein RvY_00875 [Ramazzottius varieornatus],Ramazzottius varieornatus,278,278,28%,9e-78,41.83,519,"=HYPERLINK(""https://www.ncbi.nlm.nih.gov/protein/GAU88122.1?report=genbank&log$=prottop&blast_rank=52&RID=ZZV5F9G8016"",""GAU88122.1"")"
Na/H antiporter [Oryctes borbonicus],Oryctes borbonicus,281,281,30%,2e-77,40.89,642,"=HYPERLINK(""https://www.ncbi.nlm.nih.gov/protein/KRT86794.1?report=genbank&log$=prottop&blast_rank=53&RID=ZZV5F9G8016"",""KRT86794.1"")"
unnamed protein product [Ceutorhynchus assimilis],Ceutorhynchus assimilis,282,282,30%,2e-77,39.63,670,"=HYPERLINK(""https://www.ncbi.nlm.nih.gov/protein/CAG9771290.1?report=genbank&log$=prottop&blast_rank=54&RID=ZZV5F9G8016"",""CAG9771290.1"")"
Mitochondrial sodium/hydrogen exchanger 9B2 [Hypsibius exemplaris],Hypsibius exemplaris,281,281,30%,3e-77,41.43,661,"=HYPERLINK(""https://www.ncbi.nlm.nih.gov/protein/OQV21679.1?report=genbank&log$=prottop&blast_rank=55&RID=ZZV5F9G8016"",""OQV21679.1"")"
hypothetical protein LDENG_00280320 [Lucifuga dentata],Lucifuga dentata,273,273,28%,3e-77,39.72,403,"=HYPERLINK(""https://www.ncbi.nlm.nih.gov/protein/KAF7641478.1?report=genbank&log$=prottop&blast_rank=56&RID=ZZV5F9G8016"",""KAF7641478.1"")"
hypothetical protein [Idotea baltica],Idotea baltica,272,272,29%,4e-77,39.14,399,"=HYPERLINK(""https://www.ncbi.nlm.nih.gov/protein/MCL4150668.1?report=genbank&log$=prottop&blast_rank=57&RID=ZZV5F9G8016"",""MCL4150668.1"")"
unnamed protein product [Owenia fusiformis],Owenia fusiformis,280,280,29%,7e-77,42.18,662,"=HYPERLINK(""https://www.ncbi.nlm.nih.gov/protein/CAH1794646.1?report=genbank&log$=prottop&blast_rank=58&RID=ZZV5F9G8016"",""CAH1794646.1"")"
hypothetical protein BaRGS_024534 [Batillaria attramentaria],Batillaria attramentaria,277,277,29%,8e-77,42.11,572,"=HYPERLINK(""https://www.ncbi.nlm.nih.gov/protein/KAG5713907.1?report=genbank&log$=prottop&blast_rank=59&RID=ZZV5F9G8016"",""KAG5713907.1"")"
SLC9B2 [Branchiostoma lanceolatum],Branchiostoma lanceolatum,278,337,38%,8e-77,39.21,604,"=HYPERLINK(""https://www.ncbi.nlm.nih.gov/protein/CAH1245943.1?report=genbank&log$=prottop&blast_rank=60&RID=ZZV5F9G8016"",""CAH1245943.1"")"
hypothetical protein [Idotea baltica],Idotea baltica,268,268,26%,2e-76,42.14,336,"=HYPERLINK(""https://www.ncbi.nlm.nih.gov/protein/MCL4129876.1?report=genbank&log$=prottop&blast_rank=61&RID=ZZV5F9G8016"",""MCL4129876.1"")"
Mitochondrial sodium/hydrogen exchanger 9B2 [Armadillidium vulgare],Armadillidium vulgare,275,275,28%,3e-76,40.23,557,"=HYPERLINK(""https://www.ncbi.nlm.nih.gov/protein/RXG52054.1?report=genbank&log$=prottop&blast_rank=62&RID=ZZV5F9G8016"",""RXG52054.1"")"
Sodium/hydrogen exchanger 9B2 [Larimichthys crocea],Larimichthys crocea,275,275,28%,3e-76,40.83,547,"=HYPERLINK(""https://www.ncbi.nlm.nih.gov/protein/KAE8277668.1?report=genbank&log$=prottop&blast_rank=63&RID=ZZV5F9G8016"",""KAE8277668.1"")"
Mitochondrial sodium/hydrogen exchanger NHA2 [Zootermopsis nevadensis],Zootermopsis nevadensis,275,275,28%,3e-76,43.45,554,"=HYPERLINK(""https://www.ncbi.nlm.nih.gov/protein/KDR19311.1?report=genbank&log$=prottop&blast_rank=64&RID=ZZV5F9G8016"",""KDR19311.1"")"
unnamed protein product [Timema tahoe],Timema tahoe,278,278,30%,4e-76,39.53,669,"=HYPERLINK(""https://www.ncbi.nlm.nih.gov/protein/CAD7457801.1?report=genbank&log$=prottop&blast_rank=65&RID=ZZV5F9G8016"",""CAD7457801.1"")"
hypothetical protein GDO81_000718 [Engystomops pustulosus],Engystomops pustulosus,273,273,28%,2e-75,41.05,547,"=HYPERLINK(""https://www.ncbi.nlm.nih.gov/protein/KAG8593086.1?report=genbank&log$=prottop&blast_rank=66&RID=ZZV5F9G8016"",""KAG8593086.1"")"
DgyrCDS10862 [Dimorphilus gyrociliatus],Dimorphilus gyrociliatus,273,273,29%,2e-75,41.38,557,"=HYPERLINK(""https://www.ncbi.nlm.nih.gov/protein/CAD5122438.1?report=genbank&log$=prottop&blast_rank=67&RID=ZZV5F9G8016"",""CAD5122438.1"")"
unnamed protein product [Bemisia tabaci],Bemisia tabaci,272,272,27%,2e-75,41.69,549,"=HYPERLINK(""https://www.ncbi.nlm.nih.gov/protein/CAH0753751.1?report=genbank&log$=prottop&blast_rank=68&RID=ZZV5F9G8016"",""CAH0753751.1"")"
unnamed protein product [Nezara viridula],Nezara viridula,272,272,27%,2e-75,43.98,555,"=HYPERLINK(""https://www.ncbi.nlm.nih.gov/protein/CAH1388393.1?report=genbank&log$=prottop&blast_rank=69&RID=ZZV5F9G8016"",""CAH1388393.1"")"
sodium/hydrogen exchanger 9B2 [Astyanax mexicanus],Astyanax mexicanus,272,272,27%,3e-75,40.46,557,"=HYPERLINK(""https://www.ncbi.nlm.nih.gov/protein/KAG9259623.1?report=genbank&log$=prottop&blast_rank=70&RID=ZZV5F9G8016"",""KAG9259623.1"")"
hypothetical protein BOX15_Mlig031303g2 [Macrostomum lignano],Macrostomum lignano,272,272,30%,4e-75,40.60,571,"=HYPERLINK(""https://www.ncbi.nlm.nih.gov/protein/PAA89400.1?report=genbank&log$=prottop&blast_rank=71&RID=ZZV5F9G8016"",""PAA89400.1"")"
unnamed protein product [Callosobruchus maculatus],Callosobruchus maculatus,275,275,27%,4e-75,40.91,662,"=HYPERLINK(""https://www.ncbi.nlm.nih.gov/protein/VEN37223.1?report=genbank&log$=prottop&blast_rank=72&RID=ZZV5F9G8016"",""VEN37223.1"")"
SL9B2 protein [Atractosteus spatula],Atractosteus spatula,272,272,30%,4e-75,39.74,558,"=HYPERLINK(""https://www.ncbi.nlm.nih.gov/protein/MBN3321109.1?report=genbank&log$=prottop&blast_rank=73&RID=ZZV5F9G8016"",""MBN3321109.1"")"
hypothetical protein BOX15_Mlig031303g3 [Macrostomum lignano],Macrostomum lignano,272,272,30%,5e-75,40.60,572,"=HYPERLINK(""https://www.ncbi.nlm.nih.gov/protein/PAA47344.1?report=genbank&log$=prottop&blast_rank=74&RID=ZZV5F9G8016"",""PAA47344.1"")"
SLC9B1_2 [Sepia pharaonis],Sepia pharaonis,271,328,35%,5e-75,41.67,550,"=HYPERLINK(""https://www.ncbi.nlm.nih.gov/protein/CAE1272954.1?report=genbank&log$=prottop&blast_rank=75&RID=ZZV5F9G8016"",""CAE1272954.1"")"
Sodium/hydrogen exchanger 9B2 [Triplophysa tibetana],Triplophysa tibetana,271,271,27%,5e-75,41.88,558,"=HYPERLINK(""https://www.ncbi.nlm.nih.gov/protein/KAA0722093.1?report=genbank&log$=prottop&blast_rank=76&RID=ZZV5F9G8016"",""KAA0722093.1"")"
hypothetical protein GDO81_000718 [Engystomops pustulosus],Engystomops pustulosus,271,271,28%,6e-75,41.05,561,"=HYPERLINK(""https://www.ncbi.nlm.nih.gov/protein/KAG8593084.1?report=genbank&log$=prottop&blast_rank=77&RID=ZZV5F9G8016"",""KAG8593084.1"")"
unnamed protein product [Callosobruchus maculatus],Callosobruchus maculatus,273,273,27%,9e-75,40.91,651,"=HYPERLINK(""https://www.ncbi.nlm.nih.gov/protein/VEN37225.1?report=genbank&log$=prottop&blast_rank=78&RID=ZZV5F9G8016"",""VEN37225.1"")"
unnamed protein product [Callosobruchus maculatus],Callosobruchus maculatus,274,274,27%,9e-75,40.91,658,"=HYPERLINK(""https://www.ncbi.nlm.nih.gov/protein/VEN37222.1?report=genbank&log$=prottop&blast_rank=79&RID=ZZV5F9G8016"",""VEN37222.1"")"
mitochondrial sodium/hydrogen exchanger 9B2-like [Elysia marginata],Elysia marginata,270,270,28%,1e-74,44.85,547,"=HYPERLINK(""https://www.ncbi.nlm.nih.gov/protein/GFR84750.1?report=genbank&log$=prottop&blast_rank=80&RID=ZZV5F9G8016"",""GFR84750.1"")"
hypothetical protein Cfor_01014 [Coptotermes formosanus],Coptotermes formosanus,268,268,27%,2e-74,42.86,493,"=HYPERLINK(""https://www.ncbi.nlm.nih.gov/protein/GFG39584.1?report=genbank&log$=prottop&blast_rank=81&RID=ZZV5F9G8016"",""GFG39584.1"")"
hypothetical protein BOX15_Mlig031303g1 [Macrostomum lignano],Macrostomum lignano,271,271,30%,2e-74,40.35,574,"=HYPERLINK(""https://www.ncbi.nlm.nih.gov/protein/PAA71585.1?report=genbank&log$=prottop&blast_rank=82&RID=ZZV5F9G8016"",""PAA71585.1"")"
Sodium/hydrogen exchanger 9B2 [Labeo rohita],Labeo rohita,271,271,28%,2e-74,40.73,603,"=HYPERLINK(""https://www.ncbi.nlm.nih.gov/protein/KAI2668282.1?report=genbank&log$=prottop&blast_rank=83&RID=ZZV5F9G8016"",""KAI2668282.1"")"
sodium/hydrogen exchanger 9B1 [Pimephales promelas],Pimephales promelas,270,270,27%,2e-74,42.45,557,"=HYPERLINK(""https://www.ncbi.nlm.nih.gov/protein/KAG1956358.1?report=genbank&log$=prottop&blast_rank=84&RID=ZZV5F9G8016"",""KAG1956358.1"")"
Mitochondrial sodium/hydrogen exchanger 9B2 [Stylophora pistillata],Stylophora pistillata,268,268,29%,2e-74,40.59,503,"=HYPERLINK(""https://www.ncbi.nlm.nih.gov/protein/PFX32140.1?report=genbank&log$=prottop&blast_rank=85&RID=ZZV5F9G8016"",""PFX32140.1"")"
unnamed protein product [Mustela putorius furo],Mustela putorius furo,268,268,28%,1e-73,39.34,550,"=HYPERLINK(""https://www.ncbi.nlm.nih.gov/protein/CAI5669726.1?report=genbank&log$=prottop&blast_rank=86&RID=ZZV5F9G8016"",""CAI5669726.1"")"
putative mitochondrial sodium/hydrogen exchanger 9B2 [Triplophysa rosa],Triplophysa rosa,268,268,27%,1e-73,41.03,555,"=HYPERLINK(""https://www.ncbi.nlm.nih.gov/protein/KAI7810680.1?report=genbank&log$=prottop&blast_rank=87&RID=ZZV5F9G8016"",""KAI7810680.1"")"
unnamed protein product [Brassicogethes aeneus],Brassicogethes aeneus,270,270,27%,2e-73,39.49,654,"=HYPERLINK(""https://www.ncbi.nlm.nih.gov/protein/CAH0557630.1?report=genbank&log$=prottop&blast_rank=88&RID=ZZV5F9G8016"",""CAH0557630.1"")"
sodium/hydrogen exchanger 9B2 [Rattus norvegicus],Rattus norvegicus,267,267,27%,2e-73,39.03,547,"=HYPERLINK(""https://www.ncbi.nlm.nih.gov/protein/NP_001102855.1?report=genbank&log$=prottop&blast_rank=89&RID=ZZV5F9G8016"",""NP_001102855.1"")"
Sodium/hydrogen exchanger 9B2 [Bulinus truncatus],Bulinus truncatus,267,267,27%,2e-73,42.05,574,"=HYPERLINK(""https://www.ncbi.nlm.nih.gov/protein/KAH9495830.1?report=genbank&log$=prottop&blast_rank=90&RID=ZZV5F9G8016"",""KAH9495830.1"")"
Sodium/hydrogen exchanger 9B2 [Anabarilius grahami],Anabarilius grahami,264,264,27%,2e-73,42.45,467,"=HYPERLINK(""https://www.ncbi.nlm.nih.gov/protein/ROI47820.1?report=genbank&log$=prottop&blast_rank=91&RID=ZZV5F9G8016"",""ROI47820.1"")"
Sodium/hydrogen exchanger 9B2 [Nymphon striatum],Nymphon striatum,266,266,28%,3e-73,39.73,557,"=HYPERLINK(""https://www.ncbi.nlm.nih.gov/protein/KAG1663791.1?report=genbank&log$=prottop&blast_rank=92&RID=ZZV5F9G8016"",""KAG1663791.1"")"
unnamed protein product [Callosobruchus maculatus],Callosobruchus maculatus,267,267,27%,3e-73,40.91,583,"=HYPERLINK(""https://www.ncbi.nlm.nih.gov/protein/VEN37226.1?report=genbank&log$=prottop&blast_rank=93&RID=ZZV5F9G8016"",""VEN37226.1"")"
unnamed protein product [Nyctereutes procyonoides],Nyctereutes procyonoides,266,266,27%,3e-73,39.60,537,"=HYPERLINK(""https://www.ncbi.nlm.nih.gov/protein/CAD7684747.1?report=genbank&log$=prottop&blast_rank=94&RID=ZZV5F9G8016"",""CAD7684747.1"")"
mitochondrial sodium/hydrogen exchanger 9B2-like [Elysia marginata],Elysia marginata,266,266,33%,6e-73,39.69,557,"=HYPERLINK(""https://www.ncbi.nlm.nih.gov/protein/GFR84744.1?report=genbank&log$=prottop&blast_rank=95&RID=ZZV5F9G8016"",""GFR84744.1"")"
hypothetical protein TRIADDRAFT_57482 [Trichoplax adhaerens],Trichoplax adhaerens,263,319,37%,6e-73,42.82,491,"=HYPERLINK(""https://www.ncbi.nlm.nih.gov/protein/EDV24216.1?report=genbank&log$=prottop&blast_rank=96&RID=ZZV5F9G8016"",""EDV24216.1"")"
hypothetical protein GDO86_000692 [Hymenochirus boettgeri],Hymenochirus boettgeri,264,264,28%,1e-72,40.06,536,"=HYPERLINK(""https://www.ncbi.nlm.nih.gov/protein/KAG8454142.1?report=genbank&log$=prottop&blast_rank=97&RID=ZZV5F9G8016"",""KAG8454142.1"")"
hypothetical protein G5714_000548 [Onychostoma macrolepis],Onychostoma macrolepis,265,265,27%,1e-72,41.31,557,"=HYPERLINK(""https://www.ncbi.nlm.nih.gov/protein/KAF4118497.1?report=genbank&log$=prottop&blast_rank=98&RID=ZZV5F9G8016"",""KAF4118497.1"")"



		


